-- phpMyAdmin SQL Dump
-- version 4.0.10.18
-- https://www.phpmyadmin.net
--
-- Host: localhost:3306
-- Generation Time: Apr 03, 2018 at 05:00 AM
-- Server version: 5.6.39-cll-lve
-- PHP Version: 5.6.30

SET SQL_MODE = "NO_AUTO_VALUE_ON_ZERO";
SET time_zone = "+00:00";


/*!40101 SET @OLD_CHARACTER_SET_CLIENT=@@CHARACTER_SET_CLIENT */;
/*!40101 SET @OLD_CHARACTER_SET_RESULTS=@@CHARACTER_SET_RESULTS */;
/*!40101 SET @OLD_COLLATION_CONNECTION=@@COLLATION_CONNECTION */;
/*!40101 SET NAMES utf8 */;

--
-- Database: `otests`
--

-- --------------------------------------------------------

--
-- Table structure for table `attempt_table`
--

CREATE TABLE IF NOT EXISTS `attempt_table` (
  `sid` varchar(50) DEFAULT NULL,
  `test_set_id` varchar(10) DEFAULT NULL,
  `sln` int(11) DEFAULT NULL,
  `quesation` varchar(500) DEFAULT NULL,
  `true_ans` varchar(2) DEFAULT NULL,
  `atmpt_ans` varchar(2) DEFAULT NULL,
  `attaempt` varchar(50) DEFAULT NULL,
  KEY `sid` (`sid`)
) ENGINE=InnoDB DEFAULT CHARSET=latin1;

--
-- Dumping data for table `attempt_table`
--

INSERT INTO `attempt_table` (`sid`, `test_set_id`, `sln`, `quesation`, `true_ans`, `atmpt_ans`, `attaempt`) VALUES
('339a0737ea0147c118016ec1cec695ff', '1LOEVCGQ', 1, 'QQQQQQ2', 'C', '', 'ANWERED'),
('339a0737ea0147c118016ec1cec695ff', '1LOEVCGQ', 2, 'QQQQQQ7', 'D', 'b', 'ANWERED'),
('339a0737ea0147c118016ec1cec695ff', '1LOEVCGQ', 3, 'QQQQQQ13', 'E', 'c', 'ANWERED'),
('339a0737ea0147c118016ec1cec695ff', '1LOEVCGQ', 4, 'zzzzzzz', 'b', 'c', 'ANWERED'),
('5d65f1f65132e195e22ad661faa33e9c', '1LOEVCGQ', 1, 'QQQQQQ2', 'C', 'O', 'NOT ATTEMPTED'),
('5d65f1f65132e195e22ad661faa33e9c', '1LOEVCGQ', 2, 'QQQQQQ7', 'D', 'O', 'NOT ATTEMPTED'),
('5d65f1f65132e195e22ad661faa33e9c', '1LOEVCGQ', 3, 'QQQQQQ13', 'E', 'O', 'NOT ATTEMPTED'),
('5d65f1f65132e195e22ad661faa33e9c', '1LOEVCGQ', 4, 'zzzzzzz', 'b', 'O', 'NOT ATTEMPTED'),
('a4fece69f6f0169ddb0bae0fd129a790', 'CYCAES3J', 1, 'q1', 'e', 'O', 'NOT ATTEMPTED'),
('a4fece69f6f0169ddb0bae0fd129a790', 'CYCAES3J', 2, 'qqqqq4', 'b', 'O', 'NOT ATTEMPTED'),
('a4fece69f6f0169ddb0bae0fd129a790', 'CYCAES3J', 4, 'q2', 'd', 'O', 'NOT ATTEMPTED'),
('a4fece69f6f0169ddb0bae0fd129a790', 'CYCAES3J', 5, 'qqqqqq5', 'a', 'O', 'NOT ATTEMPTED'),
('a4fece69f6f0169ddb0bae0fd129a790', 'CYCAES3J', 6, 'QQQQQQ12', 'D', 'O', 'NOT ATTEMPTED'),
('a4fece69f6f0169ddb0bae0fd129a790', 'CYCAES3J', 7, 'QQQQQQ8', 'C', 'O', 'NOT ATTEMPTED'),
('a4fece69f6f0169ddb0bae0fd129a790', 'CYCAES3J', 8, 'QQQQQQ3', 'D', 'O', 'NOT ATTEMPTED'),
('a4fece69f6f0169ddb0bae0fd129a790', 'CYCAES3J', 9, 'QQQQQQ2', 'C', 'O', 'NOT ATTEMPTED'),
('a4fece69f6f0169ddb0bae0fd129a790', 'CYCAES3J', 11, 'QQQQQQ17', 'D', 'O', 'NOT ATTEMPTED'),
('a4fece69f6f0169ddb0bae0fd129a790', 'CYCAES3J', 12, 'QQQQQQ14', 'A', 'O', 'NOT ATTEMPTED'),
('a4fece69f6f0169ddb0bae0fd129a790', 'CYCAES3J', 13, 'QQQQQQ7', 'D', 'O', 'NOT ATTEMPTED'),
('a4fece69f6f0169ddb0bae0fd129a790', 'CYCAES3J', 14, 'QQQQQQ4', 'B', 'O', 'NOT ATTEMPTED'),
('a4fece69f6f0169ddb0bae0fd129a790', 'CYCAES3J', 16, 'QQQQQQ13', 'E', 'O', 'NOT ATTEMPTED'),
('a4fece69f6f0169ddb0bae0fd129a790', 'CYCAES3J', 17, 'QQQQQQ15', 'C', 'O', 'NOT ATTEMPTED'),
('a4fece69f6f0169ddb0bae0fd129a790', 'CYCAES3J', 18, 'QQQQQQ16', 'B', 'O', 'NOT ATTEMPTED'),
('a4fece69f6f0169ddb0bae0fd129a790', 'CYCAES3J', 19, 'QQQQQQ9', 'B', 'O', 'NOT ATTEMPTED'),
('a4fece69f6f0169ddb0bae0fd129a790', 'CYCAES3J', 20, 'QQQQQQ5', 'A', 'O', 'NOT ATTEMPTED'),
('a4fece69f6f0169ddb0bae0fd129a790', 'CYCAES3J', 21, 'QQQQQQ11', 'C', 'O', 'NOT ATTEMPTED'),
('a4fece69f6f0169ddb0bae0fd129a790', 'CYCAES3J', 23, 'QQQQQQ12', 'D', 'O', 'NOT ATTEMPTED'),
('a4fece69f6f0169ddb0bae0fd129a790', 'CYCAES3J', 24, 'QQQQQQ8', 'C', 'O', 'NOT ATTEMPTED'),
('a4fece69f6f0169ddb0bae0fd129a790', 'CYCAES3J', 25, 'QQQQQQ3', 'D', 'O', 'NOT ATTEMPTED'),
('a4fece69f6f0169ddb0bae0fd129a790', 'CYCAES3J', 27, 'QQQQQQ1', 'A', 'O', 'NOT ATTEMPTED'),
('a4fece69f6f0169ddb0bae0fd129a790', 'CYCAES3J', 28, 'QQQQQQ17', 'D', 'O', 'NOT ATTEMPTED'),
('a4fece69f6f0169ddb0bae0fd129a790', 'CYCAES3J', 30, 'QQQQQQ7', 'D', 'O', 'NOT ATTEMPTED'),
('a4fece69f6f0169ddb0bae0fd129a790', 'CYCAES3J', 31, 'QQQQQQ4', 'B', 'O', 'NOT ATTEMPTED'),
('a4fece69f6f0169ddb0bae0fd129a790', 'CYCAES3J', 33, 'QQQQQQ13', 'E', 'O', 'NOT ATTEMPTED'),
('a4fece69f6f0169ddb0bae0fd129a790', 'CYCAES3J', 34, 'QQQQQQ15', 'C', 'O', 'NOT ATTEMPTED'),
('a4fece69f6f0169ddb0bae0fd129a790', 'CYCAES3J', 36, 'QQQQQQ9', 'B', 'O', 'NOT ATTEMPTED'),
('a4fece69f6f0169ddb0bae0fd129a790', 'CYCAES3J', 37, 'QQQQQQ5', 'A', 'O', 'NOT ATTEMPTED'),
('a4fece69f6f0169ddb0bae0fd129a790', 'CYCAES3J', 38, 'QQQQQQ11', 'C', 'O', 'NOT ATTEMPTED'),
('a4fece69f6f0169ddb0bae0fd129a790', 'CYCAES3J', 39, 'QQQQQQ6', 'E', 'O', 'NOT ATTEMPTED'),
('a4fece69f6f0169ddb0bae0fd129a790', 'CYCAES3J', 40, 'QQQQQQ12', 'D', 'O', 'NOT ATTEMPTED'),
('a4fece69f6f0169ddb0bae0fd129a790', 'CYCAES3J', 42, 'QQQQQQ3', 'D', 'O', 'NOT ATTEMPTED'),
('a4fece69f6f0169ddb0bae0fd129a790', 'CYCAES3J', 43, 'QQQQQQ2', 'C', 'O', 'NOT ATTEMPTED'),
('a4fece69f6f0169ddb0bae0fd129a790', 'CYCAES3J', 44, 'QQQQQQ1', 'A', 'O', 'NOT ATTEMPTED'),
('a4fece69f6f0169ddb0bae0fd129a790', 'CYCAES3J', 45, 'QQQQQQ17', 'D', 'O', 'NOT ATTEMPTED'),
('a4fece69f6f0169ddb0bae0fd129a790', 'CYCAES3J', 47, 'QQQQQQ7', 'D', 'O', 'NOT ATTEMPTED'),
('a4fece69f6f0169ddb0bae0fd129a790', 'CYCAES3J', 48, 'QQQQQQ4', 'B', 'O', 'NOT ATTEMPTED'),
('a4fece69f6f0169ddb0bae0fd129a790', 'CYCAES3J', 49, 'QQQQQQ10', 'A', 'O', 'NOT ATTEMPTED'),
('a4fece69f6f0169ddb0bae0fd129a790', 'CYCAES3J', 51, 'QQQQQQ15', 'C', 'O', 'NOT ATTEMPTED'),
('a4fece69f6f0169ddb0bae0fd129a790', 'CYCAES3J', 52, 'QQQQQQ16', 'B', 'O', 'NOT ATTEMPTED'),
('a4fece69f6f0169ddb0bae0fd129a790', 'CYCAES3J', 53, 'QQQQQQ9', 'B', 'O', 'NOT ATTEMPTED'),
('a4fece69f6f0169ddb0bae0fd129a790', 'CYCAES3J', 54, 'QQQQQQ5', 'A', 'O', 'NOT ATTEMPTED'),
('a4fece69f6f0169ddb0bae0fd129a790', 'CYCAES3J', 56, 'QQQQQQ6', 'E', 'O', 'NOT ATTEMPTED'),
('a4fece69f6f0169ddb0bae0fd129a790', 'CYCAES3J', 57, 'QQQQQQ12', 'D', 'O', 'NOT ATTEMPTED'),
('a4fece69f6f0169ddb0bae0fd129a790', 'CYCAES3J', 59, 'QQQQQQ3', 'D', 'O', 'NOT ATTEMPTED'),
('a4fece69f6f0169ddb0bae0fd129a790', 'CYCAES3J', 60, 'QQQQQQ2', 'C', 'O', 'NOT ATTEMPTED'),
('a4fece69f6f0169ddb0bae0fd129a790', 'CYCAES3J', 62, 'QQQQQQ17', 'D', 'O', 'NOT ATTEMPTED'),
('a4fece69f6f0169ddb0bae0fd129a790', 'CYCAES3J', 63, 'QQQQQQ14', 'A', 'O', 'NOT ATTEMPTED'),
('a4fece69f6f0169ddb0bae0fd129a790', 'CYCAES3J', 64, 'QQQQQQ7', 'D', 'O', 'NOT ATTEMPTED'),
('a4fece69f6f0169ddb0bae0fd129a790', 'CYCAES3J', 65, 'QQQQQQ4', 'B', 'O', 'NOT ATTEMPTED'),
('a4fece69f6f0169ddb0bae0fd129a790', 'CYCAES3J', 66, 'QQQQQQ10', 'A', 'O', 'NOT ATTEMPTED'),
('a4fece69f6f0169ddb0bae0fd129a790', 'CYCAES3J', 68, 'QQQQQQ15', 'C', 'O', 'NOT ATTEMPTED'),
('a4fece69f6f0169ddb0bae0fd129a790', 'CYCAES3J', 69, 'QQQQQQ16', 'B', 'O', 'NOT ATTEMPTED'),
('a4fece69f6f0169ddb0bae0fd129a790', 'CYCAES3J', 70, 'QQQQQQ9', 'B', 'O', 'NOT ATTEMPTED'),
('a4fece69f6f0169ddb0bae0fd129a790', 'CYCAES3J', 71, 'QQQQQQ5', 'A', 'O', 'NOT ATTEMPTED'),
('a4fece69f6f0169ddb0bae0fd129a790', 'CYCAES3J', 72, 'QQQQQQ11', 'C', 'O', 'NOT ATTEMPTED'),
('a4fece69f6f0169ddb0bae0fd129a790', 'CYCAES3J', 73, 'QQQQQQ6', 'E', 'O', 'NOT ATTEMPTED'),
('a4fece69f6f0169ddb0bae0fd129a790', 'CYCAES3J', 74, 'QQQQQQ12', 'D', 'O', 'NOT ATTEMPTED'),
('a4fece69f6f0169ddb0bae0fd129a790', 'CYCAES3J', 75, 'QQQQQQ8', 'C', 'O', 'NOT ATTEMPTED'),
('a4fece69f6f0169ddb0bae0fd129a790', 'CYCAES3J', 76, 'QQQQQQ3', 'D', 'O', 'NOT ATTEMPTED'),
('a4fece69f6f0169ddb0bae0fd129a790', 'CYCAES3J', 77, 'QQQQQQ2', 'C', 'O', 'NOT ATTEMPTED'),
('a4fece69f6f0169ddb0bae0fd129a790', 'CYCAES3J', 78, 'QQQQQQ1', 'A', 'O', 'NOT ATTEMPTED'),
('a4fece69f6f0169ddb0bae0fd129a790', 'CYCAES3J', 79, 'QQQQQQ17', 'D', 'O', 'NOT ATTEMPTED'),
('a4fece69f6f0169ddb0bae0fd129a790', 'CYCAES3J', 80, 'QQQQQQ14', 'A', 'O', 'NOT ATTEMPTED'),
('a4fece69f6f0169ddb0bae0fd129a790', 'CYCAES3J', 81, 'QQQQQQ7', 'D', 'O', 'NOT ATTEMPTED'),
('a4fece69f6f0169ddb0bae0fd129a790', 'CYCAES3J', 82, 'QQQQQQ4', 'B', 'O', 'NOT ATTEMPTED'),
('a4fece69f6f0169ddb0bae0fd129a790', 'CYCAES3J', 83, 'QQQQQQ10', 'A', 'O', 'NOT ATTEMPTED'),
('a4fece69f6f0169ddb0bae0fd129a790', 'CYCAES3J', 84, 'QQQQQQ13', 'E', 'O', 'NOT ATTEMPTED'),
('a4fece69f6f0169ddb0bae0fd129a790', 'CYCAES3J', 85, 'QQQQQQ15', 'C', 'O', 'NOT ATTEMPTED'),
('a4fece69f6f0169ddb0bae0fd129a790', 'CYCAES3J', 86, 'QQQQQQ16', 'B', 'O', 'NOT ATTEMPTED'),
('a4fece69f6f0169ddb0bae0fd129a790', 'CYCAES3J', 87, 'QQQQQQ9', 'B', 'O', 'NOT ATTEMPTED'),
('a4fece69f6f0169ddb0bae0fd129a790', 'CYCAES3J', 88, 'QQQQQQ5', 'A', 'O', 'NOT ATTEMPTED'),
('a4fece69f6f0169ddb0bae0fd129a790', 'CYCAES3J', 89, 'QQQQQQ11', 'C', 'O', 'NOT ATTEMPTED'),
('a4fece69f6f0169ddb0bae0fd129a790', 'CYCAES3J', 90, 'QQQQQQ6', 'E', 'O', 'NOT ATTEMPTED'),
('a4fece69f6f0169ddb0bae0fd129a790', 'CYCAES3J', 91, 'QQQQQQ12', 'D', 'O', 'NOT ATTEMPTED'),
('a4fece69f6f0169ddb0bae0fd129a790', 'CYCAES3J', 92, 'QQQQQQ8', 'C', 'O', 'NOT ATTEMPTED'),
('a4fece69f6f0169ddb0bae0fd129a790', 'CYCAES3J', 93, 'QQQQQQ3', 'D', 'O', 'NOT ATTEMPTED'),
('a4fece69f6f0169ddb0bae0fd129a790', 'CYCAES3J', 94, 'QQQQQQ2', 'C', 'O', 'NOT ATTEMPTED'),
('a4fece69f6f0169ddb0bae0fd129a790', 'CYCAES3J', 95, 'QQQQQQ1', 'A', 'O', 'NOT ATTEMPTED'),
('a4fece69f6f0169ddb0bae0fd129a790', 'CYCAES3J', 96, 'QQQQQQ17', 'D', 'O', 'NOT ATTEMPTED'),
('a4fece69f6f0169ddb0bae0fd129a790', 'CYCAES3J', 97, 'QQQQQQ14', 'A', 'O', 'NOT ATTEMPTED'),
('a4fece69f6f0169ddb0bae0fd129a790', 'CYCAES3J', 98, 'QQQQQQ7', 'D', 'O', 'NOT ATTEMPTED'),
('a4fece69f6f0169ddb0bae0fd129a790', 'CYCAES3J', 99, 'QQQQQQ4', 'B', 'O', 'NOT ATTEMPTED'),
('a4fece69f6f0169ddb0bae0fd129a790', 'CYCAES3J', 100, 'QQQQQQ10', 'A', 'O', 'NOT ATTEMPTED'),
('a4fece69f6f0169ddb0bae0fd129a790', 'CYCAES3J', 101, 'QQQQQQ13', 'E', 'O', 'NOT ATTEMPTED'),
('a4fece69f6f0169ddb0bae0fd129a790', 'CYCAES3J', 102, 'QQQQQQ15', 'C', 'O', 'NOT ATTEMPTED'),
('a4fece69f6f0169ddb0bae0fd129a790', 'CYCAES3J', 103, 'QQQQQQ16', 'B', 'O', 'NOT ATTEMPTED'),
('a4fece69f6f0169ddb0bae0fd129a790', 'CYCAES3J', 104, 'QQQQQQ9', 'B', 'O', 'NOT ATTEMPTED'),
('a4fece69f6f0169ddb0bae0fd129a790', 'CYCAES3J', 105, 'QQQQQQ5', 'A', 'O', 'NOT ATTEMPTED'),
('a4fece69f6f0169ddb0bae0fd129a790', 'CYCAES3J', 106, 'QQQQQQ11', 'C', 'O', 'NOT ATTEMPTED'),
('a4fece69f6f0169ddb0bae0fd129a790', 'CYCAES3J', 107, 'QQQQQQ6', 'E', 'O', 'NOT ATTEMPTED'),
('2b94aae8ecdb927e9e6e6220cd05f29d', 'H22UXRJT', 1, 'QQQQQQ12', 'D', 'd', 'ANWERED'),
('2b94aae8ecdb927e9e6e6220cd05f29d', 'H22UXRJT', 2, 'QQQQQQ8', 'C', 'O', 'NOT ATTEMPTED'),
('2b94aae8ecdb927e9e6e6220cd05f29d', 'H22UXRJT', 3, 'QQQQQQ3', 'D', 'O', 'NOT ATTEMPTED'),
('2b94aae8ecdb927e9e6e6220cd05f29d', 'H22UXRJT', 4, 'QQQQQQ2', 'C', 'O', 'NOT ATTEMPTED'),
('2b94aae8ecdb927e9e6e6220cd05f29d', 'H22UXRJT', 5, 'QQQQQQ1', 'A', 'O', 'NOT ATTEMPTED'),
('2b94aae8ecdb927e9e6e6220cd05f29d', 'H22UXRJT', 6, 'QQQQQQ17', 'D', 'O', 'NOT ATTEMPTED'),
('2b94aae8ecdb927e9e6e6220cd05f29d', 'H22UXRJT', 7, 'QQQQQQ14', 'A', 'O', 'NOT ATTEMPTED'),
('2b94aae8ecdb927e9e6e6220cd05f29d', 'H22UXRJT', 8, 'QQQQQQ7', 'D', 'O', 'NOT ATTEMPTED'),
('2b94aae8ecdb927e9e6e6220cd05f29d', 'H22UXRJT', 9, 'QQQQQQ4', 'B', 'O', 'NOT ATTEMPTED'),
('2b94aae8ecdb927e9e6e6220cd05f29d', 'H22UXRJT', 10, 'QQQQQQ10', 'A', 'O', 'NOT ATTEMPTED'),
('2b94aae8ecdb927e9e6e6220cd05f29d', 'H22UXRJT', 11, 'QQQQQQ13', 'E', 'O', 'NOT ATTEMPTED'),
('2b94aae8ecdb927e9e6e6220cd05f29d', 'H22UXRJT', 12, 'QQQQQQ15', 'C', 'O', 'NOT ATTEMPTED'),
('2b94aae8ecdb927e9e6e6220cd05f29d', 'H22UXRJT', 13, 'QQQQQQ16', 'B', 'O', 'NOT ATTEMPTED'),
('2b94aae8ecdb927e9e6e6220cd05f29d', 'H22UXRJT', 14, 'QQQQQQ9', 'B', 'O', 'NOT ATTEMPTED'),
('2b94aae8ecdb927e9e6e6220cd05f29d', 'H22UXRJT', 15, 'QQQQQQ5', 'A', 'O', 'NOT ATTEMPTED'),
('2b94aae8ecdb927e9e6e6220cd05f29d', 'H22UXRJT', 16, 'QQQQQQ11', 'C', 'O', 'NOT ATTEMPTED'),
('2b94aae8ecdb927e9e6e6220cd05f29d', 'H22UXRJT', 17, 'QQQQQQ6', 'E', 'O', 'NOT ATTEMPTED'),
('09b82d8e3e5ed211864471f126df10fb', 'CYCAES3J', 1, 'q1', 'e', 'O', 'NOT ATTEMPTED'),
('09b82d8e3e5ed211864471f126df10fb', 'CYCAES3J', 2, 'qqqqq4', 'b', 'O', 'NOT ATTEMPTED'),
('09b82d8e3e5ed211864471f126df10fb', 'CYCAES3J', 4, 'q2', 'd', 'O', 'NOT ATTEMPTED'),
('09b82d8e3e5ed211864471f126df10fb', 'CYCAES3J', 5, 'qqqqqq5', 'a', 'O', 'NOT ATTEMPTED'),
('09b82d8e3e5ed211864471f126df10fb', 'CYCAES3J', 6, 'QQQQQQ12', 'D', 'O', 'NOT ATTEMPTED'),
('09b82d8e3e5ed211864471f126df10fb', 'CYCAES3J', 7, 'QQQQQQ8', 'C', 'O', 'NOT ATTEMPTED'),
('09b82d8e3e5ed211864471f126df10fb', 'CYCAES3J', 8, 'QQQQQQ3', 'D', 'O', 'NOT ATTEMPTED'),
('09b82d8e3e5ed211864471f126df10fb', 'CYCAES3J', 9, 'QQQQQQ2', 'C', 'O', 'NOT ATTEMPTED'),
('09b82d8e3e5ed211864471f126df10fb', 'CYCAES3J', 11, 'QQQQQQ17', 'D', 'O', 'NOT ATTEMPTED'),
('09b82d8e3e5ed211864471f126df10fb', 'CYCAES3J', 12, 'QQQQQQ14', 'A', 'O', 'NOT ATTEMPTED'),
('09b82d8e3e5ed211864471f126df10fb', 'CYCAES3J', 13, 'QQQQQQ7', 'D', 'O', 'NOT ATTEMPTED'),
('09b82d8e3e5ed211864471f126df10fb', 'CYCAES3J', 14, 'QQQQQQ4', 'B', 'O', 'NOT ATTEMPTED'),
('09b82d8e3e5ed211864471f126df10fb', 'CYCAES3J', 16, 'QQQQQQ13', 'E', 'c', 'ANWERED'),
('09b82d8e3e5ed211864471f126df10fb', 'CYCAES3J', 17, 'QQQQQQ15', 'C', 'O', 'NOT ATTEMPTED'),
('09b82d8e3e5ed211864471f126df10fb', 'CYCAES3J', 18, 'QQQQQQ16', 'B', 'O', 'NOT ATTEMPTED'),
('09b82d8e3e5ed211864471f126df10fb', 'CYCAES3J', 19, 'QQQQQQ9', 'B', 'O', 'NOT ATTEMPTED'),
('09b82d8e3e5ed211864471f126df10fb', 'CYCAES3J', 20, 'QQQQQQ5', 'A', 'O', 'NOT ATTEMPTED'),
('09b82d8e3e5ed211864471f126df10fb', 'CYCAES3J', 21, 'QQQQQQ11', 'C', 'O', 'NOT ATTEMPTED'),
('09b82d8e3e5ed211864471f126df10fb', 'CYCAES3J', 23, 'QQQQQQ12', 'D', 'O', 'NOT ATTEMPTED'),
('09b82d8e3e5ed211864471f126df10fb', 'CYCAES3J', 24, 'QQQQQQ8', 'C', 'O', 'NOT ATTEMPTED'),
('09b82d8e3e5ed211864471f126df10fb', 'CYCAES3J', 25, 'QQQQQQ3', 'D', 'O', 'NOT ATTEMPTED'),
('09b82d8e3e5ed211864471f126df10fb', 'CYCAES3J', 27, 'QQQQQQ1', 'A', 'O', 'NOT ATTEMPTED'),
('09b82d8e3e5ed211864471f126df10fb', 'CYCAES3J', 28, 'QQQQQQ17', 'D', 'O', 'NOT ATTEMPTED'),
('09b82d8e3e5ed211864471f126df10fb', 'CYCAES3J', 30, 'QQQQQQ7', 'D', 'O', 'NOT ATTEMPTED'),
('09b82d8e3e5ed211864471f126df10fb', 'CYCAES3J', 31, 'QQQQQQ4', 'B', 'O', 'NOT ATTEMPTED'),
('09b82d8e3e5ed211864471f126df10fb', 'CYCAES3J', 33, 'QQQQQQ13', 'E', 'O', 'NOT ATTEMPTED'),
('09b82d8e3e5ed211864471f126df10fb', 'CYCAES3J', 34, 'QQQQQQ15', 'C', 'O', 'NOT ATTEMPTED'),
('09b82d8e3e5ed211864471f126df10fb', 'CYCAES3J', 36, 'QQQQQQ9', 'B', 'O', 'NOT ATTEMPTED'),
('09b82d8e3e5ed211864471f126df10fb', 'CYCAES3J', 37, 'QQQQQQ5', 'A', 'O', 'NOT ATTEMPTED'),
('09b82d8e3e5ed211864471f126df10fb', 'CYCAES3J', 38, 'QQQQQQ11', 'C', 'O', 'NOT ATTEMPTED'),
('09b82d8e3e5ed211864471f126df10fb', 'CYCAES3J', 39, 'QQQQQQ6', 'E', 'O', 'NOT ATTEMPTED'),
('09b82d8e3e5ed211864471f126df10fb', 'CYCAES3J', 40, 'QQQQQQ12', 'D', 'O', 'NOT ATTEMPTED'),
('09b82d8e3e5ed211864471f126df10fb', 'CYCAES3J', 42, 'QQQQQQ3', 'D', 'O', 'NOT ATTEMPTED'),
('09b82d8e3e5ed211864471f126df10fb', 'CYCAES3J', 43, 'QQQQQQ2', 'C', 'O', 'NOT ATTEMPTED'),
('09b82d8e3e5ed211864471f126df10fb', 'CYCAES3J', 44, 'QQQQQQ1', 'A', 'O', 'NOT ATTEMPTED'),
('09b82d8e3e5ed211864471f126df10fb', 'CYCAES3J', 45, 'QQQQQQ17', 'D', 'O', 'NOT ATTEMPTED'),
('09b82d8e3e5ed211864471f126df10fb', 'CYCAES3J', 47, 'QQQQQQ7', 'D', 'O', 'NOT ATTEMPTED'),
('09b82d8e3e5ed211864471f126df10fb', 'CYCAES3J', 48, 'QQQQQQ4', 'B', 'O', 'NOT ATTEMPTED'),
('09b82d8e3e5ed211864471f126df10fb', 'CYCAES3J', 49, 'QQQQQQ10', 'A', 'O', 'NOT ATTEMPTED'),
('09b82d8e3e5ed211864471f126df10fb', 'CYCAES3J', 51, 'QQQQQQ15', 'C', 'O', 'NOT ATTEMPTED'),
('09b82d8e3e5ed211864471f126df10fb', 'CYCAES3J', 52, 'QQQQQQ16', 'B', 'O', 'NOT ATTEMPTED'),
('09b82d8e3e5ed211864471f126df10fb', 'CYCAES3J', 53, 'QQQQQQ9', 'B', 'O', 'NOT ATTEMPTED'),
('09b82d8e3e5ed211864471f126df10fb', 'CYCAES3J', 54, 'QQQQQQ5', 'A', 'O', 'NOT ATTEMPTED'),
('09b82d8e3e5ed211864471f126df10fb', 'CYCAES3J', 56, 'QQQQQQ6', 'E', 'O', 'NOT ATTEMPTED'),
('09b82d8e3e5ed211864471f126df10fb', 'CYCAES3J', 57, 'QQQQQQ12', 'D', 'O', 'NOT ATTEMPTED'),
('09b82d8e3e5ed211864471f126df10fb', 'CYCAES3J', 59, 'QQQQQQ3', 'D', 'O', 'NOT ATTEMPTED'),
('09b82d8e3e5ed211864471f126df10fb', 'CYCAES3J', 60, 'QQQQQQ2', 'C', 'O', 'NOT ATTEMPTED'),
('09b82d8e3e5ed211864471f126df10fb', 'CYCAES3J', 62, 'QQQQQQ17', 'D', 'O', 'NOT ATTEMPTED'),
('09b82d8e3e5ed211864471f126df10fb', 'CYCAES3J', 63, 'QQQQQQ14', 'A', 'O', 'NOT ATTEMPTED'),
('09b82d8e3e5ed211864471f126df10fb', 'CYCAES3J', 64, 'QQQQQQ7', 'D', 'O', 'NOT ATTEMPTED'),
('09b82d8e3e5ed211864471f126df10fb', 'CYCAES3J', 65, 'QQQQQQ4', 'B', 'O', 'NOT ATTEMPTED'),
('09b82d8e3e5ed211864471f126df10fb', 'CYCAES3J', 66, 'QQQQQQ10', 'A', 'O', 'NOT ATTEMPTED'),
('09b82d8e3e5ed211864471f126df10fb', 'CYCAES3J', 68, 'QQQQQQ15', 'C', 'O', 'NOT ATTEMPTED'),
('09b82d8e3e5ed211864471f126df10fb', 'CYCAES3J', 69, 'QQQQQQ16', 'B', 'O', 'NOT ATTEMPTED'),
('09b82d8e3e5ed211864471f126df10fb', 'CYCAES3J', 70, 'QQQQQQ9', 'B', 'O', 'NOT ATTEMPTED'),
('09b82d8e3e5ed211864471f126df10fb', 'CYCAES3J', 71, 'QQQQQQ5', 'A', 'O', 'NOT ATTEMPTED'),
('09b82d8e3e5ed211864471f126df10fb', 'CYCAES3J', 72, 'QQQQQQ11', 'C', 'O', 'NOT ATTEMPTED'),
('09b82d8e3e5ed211864471f126df10fb', 'CYCAES3J', 73, 'QQQQQQ6', 'E', 'O', 'NOT ATTEMPTED'),
('09b82d8e3e5ed211864471f126df10fb', 'CYCAES3J', 74, 'QQQQQQ12', 'D', 'O', 'NOT ATTEMPTED'),
('09b82d8e3e5ed211864471f126df10fb', 'CYCAES3J', 75, 'QQQQQQ8', 'C', 'O', 'NOT ATTEMPTED'),
('09b82d8e3e5ed211864471f126df10fb', 'CYCAES3J', 76, 'QQQQQQ3', 'D', 'O', 'NOT ATTEMPTED'),
('09b82d8e3e5ed211864471f126df10fb', 'CYCAES3J', 77, 'QQQQQQ2', 'C', 'O', 'NOT ATTEMPTED'),
('09b82d8e3e5ed211864471f126df10fb', 'CYCAES3J', 78, 'QQQQQQ1', 'A', 'O', 'NOT ATTEMPTED'),
('09b82d8e3e5ed211864471f126df10fb', 'CYCAES3J', 79, 'QQQQQQ17', 'D', 'O', 'NOT ATTEMPTED'),
('09b82d8e3e5ed211864471f126df10fb', 'CYCAES3J', 80, 'QQQQQQ14', 'A', 'O', 'NOT ATTEMPTED'),
('09b82d8e3e5ed211864471f126df10fb', 'CYCAES3J', 81, 'QQQQQQ7', 'D', 'O', 'NOT ATTEMPTED'),
('09b82d8e3e5ed211864471f126df10fb', 'CYCAES3J', 82, 'QQQQQQ4', 'B', 'O', 'NOT ATTEMPTED'),
('09b82d8e3e5ed211864471f126df10fb', 'CYCAES3J', 83, 'QQQQQQ10', 'A', 'O', 'NOT ATTEMPTED'),
('09b82d8e3e5ed211864471f126df10fb', 'CYCAES3J', 84, 'QQQQQQ13', 'E', 'O', 'NOT ATTEMPTED'),
('09b82d8e3e5ed211864471f126df10fb', 'CYCAES3J', 85, 'QQQQQQ15', 'C', 'O', 'NOT ATTEMPTED'),
('09b82d8e3e5ed211864471f126df10fb', 'CYCAES3J', 86, 'QQQQQQ16', 'B', 'O', 'NOT ATTEMPTED'),
('09b82d8e3e5ed211864471f126df10fb', 'CYCAES3J', 87, 'QQQQQQ9', 'B', 'O', 'NOT ATTEMPTED'),
('09b82d8e3e5ed211864471f126df10fb', 'CYCAES3J', 88, 'QQQQQQ5', 'A', 'O', 'NOT ATTEMPTED'),
('09b82d8e3e5ed211864471f126df10fb', 'CYCAES3J', 89, 'QQQQQQ11', 'C', 'O', 'NOT ATTEMPTED'),
('09b82d8e3e5ed211864471f126df10fb', 'CYCAES3J', 90, 'QQQQQQ6', 'E', 'O', 'NOT ATTEMPTED'),
('09b82d8e3e5ed211864471f126df10fb', 'CYCAES3J', 91, 'QQQQQQ12', 'D', 'O', 'NOT ATTEMPTED'),
('09b82d8e3e5ed211864471f126df10fb', 'CYCAES3J', 92, 'QQQQQQ8', 'C', 'O', 'NOT ATTEMPTED'),
('09b82d8e3e5ed211864471f126df10fb', 'CYCAES3J', 93, 'QQQQQQ3', 'D', 'O', 'NOT ATTEMPTED'),
('09b82d8e3e5ed211864471f126df10fb', 'CYCAES3J', 94, 'QQQQQQ2', 'C', 'O', 'NOT ATTEMPTED'),
('09b82d8e3e5ed211864471f126df10fb', 'CYCAES3J', 95, 'QQQQQQ1', 'A', 'O', 'NOT ATTEMPTED'),
('09b82d8e3e5ed211864471f126df10fb', 'CYCAES3J', 96, 'QQQQQQ17', 'D', 'O', 'NOT ATTEMPTED'),
('09b82d8e3e5ed211864471f126df10fb', 'CYCAES3J', 97, 'QQQQQQ14', 'A', 'O', 'NOT ATTEMPTED'),
('09b82d8e3e5ed211864471f126df10fb', 'CYCAES3J', 98, 'QQQQQQ7', 'D', 'O', 'NOT ATTEMPTED'),
('09b82d8e3e5ed211864471f126df10fb', 'CYCAES3J', 99, 'QQQQQQ4', 'B', 'O', 'NOT ATTEMPTED'),
('09b82d8e3e5ed211864471f126df10fb', 'CYCAES3J', 100, 'QQQQQQ10', 'A', 'O', 'NOT ATTEMPTED'),
('09b82d8e3e5ed211864471f126df10fb', 'CYCAES3J', 101, 'QQQQQQ13', 'E', 'O', 'NOT ATTEMPTED'),
('09b82d8e3e5ed211864471f126df10fb', 'CYCAES3J', 102, 'QQQQQQ15', 'C', 'O', 'NOT ATTEMPTED'),
('09b82d8e3e5ed211864471f126df10fb', 'CYCAES3J', 103, 'QQQQQQ16', 'B', 'O', 'NOT ATTEMPTED'),
('09b82d8e3e5ed211864471f126df10fb', 'CYCAES3J', 104, 'QQQQQQ9', 'B', 'O', 'NOT ATTEMPTED'),
('09b82d8e3e5ed211864471f126df10fb', 'CYCAES3J', 105, 'QQQQQQ5', 'A', 'O', 'NOT ATTEMPTED'),
('09b82d8e3e5ed211864471f126df10fb', 'CYCAES3J', 106, 'QQQQQQ11', 'C', 'O', 'NOT ATTEMPTED'),
('09b82d8e3e5ed211864471f126df10fb', 'CYCAES3J', 107, 'QQQQQQ6', 'E', 'O', 'NOT ATTEMPTED'),
('6eac47106c7f2329ab14408342095c6a', 'CYCAES3J', 1, 'q1', 'e', 'O', 'NOT ATTEMPTED'),
('6eac47106c7f2329ab14408342095c6a', 'CYCAES3J', 2, 'qqqqq4', 'b', 'O', 'NOT ATTEMPTED'),
('6eac47106c7f2329ab14408342095c6a', 'CYCAES3J', 4, 'q2', 'd', 'O', 'NOT ATTEMPTED'),
('6eac47106c7f2329ab14408342095c6a', 'CYCAES3J', 5, 'qqqqqq5', 'a', 'O', 'NOT ATTEMPTED'),
('6eac47106c7f2329ab14408342095c6a', 'CYCAES3J', 6, 'QQQQQQ12', 'D', 'b', 'ANWERED'),
('6eac47106c7f2329ab14408342095c6a', 'CYCAES3J', 7, 'QQQQQQ8', 'C', 'O', 'NOT ATTEMPTED'),
('6eac47106c7f2329ab14408342095c6a', 'CYCAES3J', 8, 'QQQQQQ3', 'D', 'O', 'NOT ATTEMPTED'),
('6eac47106c7f2329ab14408342095c6a', 'CYCAES3J', 9, 'QQQQQQ2', 'C', 'O', 'NOT ATTEMPTED'),
('6eac47106c7f2329ab14408342095c6a', 'CYCAES3J', 11, 'QQQQQQ17', 'D', 'O', 'NOT ATTEMPTED'),
('6eac47106c7f2329ab14408342095c6a', 'CYCAES3J', 12, 'QQQQQQ14', 'A', 'e', 'ANWERED'),
('6eac47106c7f2329ab14408342095c6a', 'CYCAES3J', 13, 'QQQQQQ7', 'D', 'O', 'NOT ATTEMPTED'),
('6eac47106c7f2329ab14408342095c6a', 'CYCAES3J', 14, 'QQQQQQ4', 'B', 'e', 'ANWERED'),
('6eac47106c7f2329ab14408342095c6a', 'CYCAES3J', 16, 'QQQQQQ13', 'E', 'O', 'NOT ATTEMPTED'),
('6eac47106c7f2329ab14408342095c6a', 'CYCAES3J', 17, 'QQQQQQ15', 'C', 'O', 'NOT ATTEMPTED'),
('6eac47106c7f2329ab14408342095c6a', 'CYCAES3J', 18, 'QQQQQQ16', 'B', 'O', 'NOT ATTEMPTED'),
('6eac47106c7f2329ab14408342095c6a', 'CYCAES3J', 19, 'QQQQQQ9', 'B', 'O', 'NOT ATTEMPTED'),
('6eac47106c7f2329ab14408342095c6a', 'CYCAES3J', 20, 'QQQQQQ5', 'A', 'O', 'NOT ATTEMPTED'),
('6eac47106c7f2329ab14408342095c6a', 'CYCAES3J', 21, 'QQQQQQ11', 'C', 'O', 'NOT ATTEMPTED'),
('6eac47106c7f2329ab14408342095c6a', 'CYCAES3J', 23, 'QQQQQQ12', 'D', 'O', 'NOT ATTEMPTED'),
('6eac47106c7f2329ab14408342095c6a', 'CYCAES3J', 24, 'QQQQQQ8', 'C', 'O', 'NOT ATTEMPTED'),
('6eac47106c7f2329ab14408342095c6a', 'CYCAES3J', 25, 'QQQQQQ3', 'D', 'O', 'NOT ATTEMPTED'),
('6eac47106c7f2329ab14408342095c6a', 'CYCAES3J', 27, 'QQQQQQ1', 'A', 'O', 'NOT ATTEMPTED'),
('6eac47106c7f2329ab14408342095c6a', 'CYCAES3J', 28, 'QQQQQQ17', 'D', 'O', 'NOT ATTEMPTED'),
('6eac47106c7f2329ab14408342095c6a', 'CYCAES3J', 30, 'QQQQQQ7', 'D', 'O', 'NOT ATTEMPTED'),
('6eac47106c7f2329ab14408342095c6a', 'CYCAES3J', 31, 'QQQQQQ4', 'B', 'O', 'NOT ATTEMPTED'),
('6eac47106c7f2329ab14408342095c6a', 'CYCAES3J', 33, 'QQQQQQ13', 'E', 'O', 'NOT ATTEMPTED'),
('6eac47106c7f2329ab14408342095c6a', 'CYCAES3J', 34, 'QQQQQQ15', 'C', 'O', 'NOT ATTEMPTED'),
('6eac47106c7f2329ab14408342095c6a', 'CYCAES3J', 36, 'QQQQQQ9', 'B', 'O', 'NOT ATTEMPTED'),
('6eac47106c7f2329ab14408342095c6a', 'CYCAES3J', 37, 'QQQQQQ5', 'A', 'O', 'NOT ATTEMPTED'),
('6eac47106c7f2329ab14408342095c6a', 'CYCAES3J', 38, 'QQQQQQ11', 'C', 'O', 'NOT ATTEMPTED'),
('6eac47106c7f2329ab14408342095c6a', 'CYCAES3J', 39, 'QQQQQQ6', 'E', 'O', 'NOT ATTEMPTED'),
('6eac47106c7f2329ab14408342095c6a', 'CYCAES3J', 40, 'QQQQQQ12', 'D', 'O', 'NOT ATTEMPTED'),
('6eac47106c7f2329ab14408342095c6a', 'CYCAES3J', 42, 'QQQQQQ3', 'D', 'O', 'NOT ATTEMPTED'),
('6eac47106c7f2329ab14408342095c6a', 'CYCAES3J', 43, 'QQQQQQ2', 'C', 'O', 'NOT ATTEMPTED'),
('6eac47106c7f2329ab14408342095c6a', 'CYCAES3J', 44, 'QQQQQQ1', 'A', 'O', 'NOT ATTEMPTED'),
('6eac47106c7f2329ab14408342095c6a', 'CYCAES3J', 45, 'QQQQQQ17', 'D', 'O', 'NOT ATTEMPTED'),
('6eac47106c7f2329ab14408342095c6a', 'CYCAES3J', 47, 'QQQQQQ7', 'D', 'O', 'NOT ATTEMPTED'),
('6eac47106c7f2329ab14408342095c6a', 'CYCAES3J', 48, 'QQQQQQ4', 'B', 'O', 'NOT ATTEMPTED'),
('6eac47106c7f2329ab14408342095c6a', 'CYCAES3J', 49, 'QQQQQQ10', 'A', 'O', 'NOT ATTEMPTED'),
('6eac47106c7f2329ab14408342095c6a', 'CYCAES3J', 51, 'QQQQQQ15', 'C', 'O', 'NOT ATTEMPTED'),
('6eac47106c7f2329ab14408342095c6a', 'CYCAES3J', 52, 'QQQQQQ16', 'B', 'O', 'NOT ATTEMPTED'),
('6eac47106c7f2329ab14408342095c6a', 'CYCAES3J', 53, 'QQQQQQ9', 'B', 'O', 'NOT ATTEMPTED'),
('6eac47106c7f2329ab14408342095c6a', 'CYCAES3J', 54, 'QQQQQQ5', 'A', 'O', 'NOT ATTEMPTED'),
('6eac47106c7f2329ab14408342095c6a', 'CYCAES3J', 56, 'QQQQQQ6', 'E', 'O', 'NOT ATTEMPTED'),
('6eac47106c7f2329ab14408342095c6a', 'CYCAES3J', 57, 'QQQQQQ12', 'D', 'O', 'NOT ATTEMPTED'),
('6eac47106c7f2329ab14408342095c6a', 'CYCAES3J', 59, 'QQQQQQ3', 'D', 'O', 'NOT ATTEMPTED'),
('6eac47106c7f2329ab14408342095c6a', 'CYCAES3J', 60, 'QQQQQQ2', 'C', 'O', 'NOT ATTEMPTED'),
('6eac47106c7f2329ab14408342095c6a', 'CYCAES3J', 62, 'QQQQQQ17', 'D', 'O', 'NOT ATTEMPTED'),
('6eac47106c7f2329ab14408342095c6a', 'CYCAES3J', 63, 'QQQQQQ14', 'A', 'O', 'NOT ATTEMPTED'),
('6eac47106c7f2329ab14408342095c6a', 'CYCAES3J', 64, 'QQQQQQ7', 'D', 'O', 'NOT ATTEMPTED'),
('6eac47106c7f2329ab14408342095c6a', 'CYCAES3J', 65, 'QQQQQQ4', 'B', 'O', 'NOT ATTEMPTED'),
('6eac47106c7f2329ab14408342095c6a', 'CYCAES3J', 66, 'QQQQQQ10', 'A', 'O', 'NOT ATTEMPTED'),
('6eac47106c7f2329ab14408342095c6a', 'CYCAES3J', 68, 'QQQQQQ15', 'C', 'O', 'NOT ATTEMPTED'),
('6eac47106c7f2329ab14408342095c6a', 'CYCAES3J', 69, 'QQQQQQ16', 'B', 'O', 'NOT ATTEMPTED'),
('6eac47106c7f2329ab14408342095c6a', 'CYCAES3J', 70, 'QQQQQQ9', 'B', 'O', 'NOT ATTEMPTED'),
('6eac47106c7f2329ab14408342095c6a', 'CYCAES3J', 71, 'QQQQQQ5', 'A', 'O', 'NOT ATTEMPTED'),
('6eac47106c7f2329ab14408342095c6a', 'CYCAES3J', 72, 'QQQQQQ11', 'C', 'O', 'NOT ATTEMPTED'),
('6eac47106c7f2329ab14408342095c6a', 'CYCAES3J', 73, 'QQQQQQ6', 'E', 'O', 'NOT ATTEMPTED'),
('6eac47106c7f2329ab14408342095c6a', 'CYCAES3J', 74, 'QQQQQQ12', 'D', 'O', 'NOT ATTEMPTED'),
('6eac47106c7f2329ab14408342095c6a', 'CYCAES3J', 75, 'QQQQQQ8', 'C', 'O', 'NOT ATTEMPTED'),
('6eac47106c7f2329ab14408342095c6a', 'CYCAES3J', 76, 'QQQQQQ3', 'D', 'O', 'NOT ATTEMPTED'),
('6eac47106c7f2329ab14408342095c6a', 'CYCAES3J', 77, 'QQQQQQ2', 'C', 'O', 'NOT ATTEMPTED'),
('6eac47106c7f2329ab14408342095c6a', 'CYCAES3J', 78, 'QQQQQQ1', 'A', 'O', 'NOT ATTEMPTED'),
('6eac47106c7f2329ab14408342095c6a', 'CYCAES3J', 79, 'QQQQQQ17', 'D', 'O', 'NOT ATTEMPTED'),
('6eac47106c7f2329ab14408342095c6a', 'CYCAES3J', 80, 'QQQQQQ14', 'A', 'O', 'NOT ATTEMPTED'),
('6eac47106c7f2329ab14408342095c6a', 'CYCAES3J', 81, 'QQQQQQ7', 'D', 'O', 'NOT ATTEMPTED'),
('6eac47106c7f2329ab14408342095c6a', 'CYCAES3J', 82, 'QQQQQQ4', 'B', 'O', 'NOT ATTEMPTED'),
('6eac47106c7f2329ab14408342095c6a', 'CYCAES3J', 83, 'QQQQQQ10', 'A', 'O', 'NOT ATTEMPTED'),
('6eac47106c7f2329ab14408342095c6a', 'CYCAES3J', 84, 'QQQQQQ13', 'E', 'O', 'NOT ATTEMPTED'),
('6eac47106c7f2329ab14408342095c6a', 'CYCAES3J', 85, 'QQQQQQ15', 'C', 'O', 'NOT ATTEMPTED'),
('6eac47106c7f2329ab14408342095c6a', 'CYCAES3J', 86, 'QQQQQQ16', 'B', 'O', 'NOT ATTEMPTED'),
('6eac47106c7f2329ab14408342095c6a', 'CYCAES3J', 87, 'QQQQQQ9', 'B', 'O', 'NOT ATTEMPTED'),
('6eac47106c7f2329ab14408342095c6a', 'CYCAES3J', 88, 'QQQQQQ5', 'A', 'O', 'NOT ATTEMPTED'),
('6eac47106c7f2329ab14408342095c6a', 'CYCAES3J', 89, 'QQQQQQ11', 'C', 'O', 'NOT ATTEMPTED'),
('6eac47106c7f2329ab14408342095c6a', 'CYCAES3J', 90, 'QQQQQQ6', 'E', 'O', 'NOT ATTEMPTED'),
('6eac47106c7f2329ab14408342095c6a', 'CYCAES3J', 91, 'QQQQQQ12', 'D', 'O', 'NOT ATTEMPTED'),
('6eac47106c7f2329ab14408342095c6a', 'CYCAES3J', 92, 'QQQQQQ8', 'C', 'O', 'NOT ATTEMPTED'),
('6eac47106c7f2329ab14408342095c6a', 'CYCAES3J', 93, 'QQQQQQ3', 'D', 'O', 'NOT ATTEMPTED'),
('6eac47106c7f2329ab14408342095c6a', 'CYCAES3J', 94, 'QQQQQQ2', 'C', 'O', 'NOT ATTEMPTED'),
('6eac47106c7f2329ab14408342095c6a', 'CYCAES3J', 95, 'QQQQQQ1', 'A', 'O', 'NOT ATTEMPTED'),
('6eac47106c7f2329ab14408342095c6a', 'CYCAES3J', 96, 'QQQQQQ17', 'D', 'O', 'NOT ATTEMPTED'),
('6eac47106c7f2329ab14408342095c6a', 'CYCAES3J', 97, 'QQQQQQ14', 'A', 'O', 'NOT ATTEMPTED'),
('6eac47106c7f2329ab14408342095c6a', 'CYCAES3J', 98, 'QQQQQQ7', 'D', 'O', 'NOT ATTEMPTED'),
('6eac47106c7f2329ab14408342095c6a', 'CYCAES3J', 99, 'QQQQQQ4', 'B', 'O', 'NOT ATTEMPTED'),
('6eac47106c7f2329ab14408342095c6a', 'CYCAES3J', 100, 'QQQQQQ10', 'A', 'O', 'NOT ATTEMPTED'),
('6eac47106c7f2329ab14408342095c6a', 'CYCAES3J', 101, 'QQQQQQ13', 'E', 'O', 'NOT ATTEMPTED'),
('6eac47106c7f2329ab14408342095c6a', 'CYCAES3J', 102, 'QQQQQQ15', 'C', 'O', 'NOT ATTEMPTED'),
('6eac47106c7f2329ab14408342095c6a', 'CYCAES3J', 103, 'QQQQQQ16', 'B', 'O', 'NOT ATTEMPTED'),
('6eac47106c7f2329ab14408342095c6a', 'CYCAES3J', 104, 'QQQQQQ9', 'B', 'O', 'NOT ATTEMPTED'),
('6eac47106c7f2329ab14408342095c6a', 'CYCAES3J', 105, 'QQQQQQ5', 'A', 'O', 'NOT ATTEMPTED'),
('6eac47106c7f2329ab14408342095c6a', 'CYCAES3J', 106, 'QQQQQQ11', 'C', 'O', 'NOT ATTEMPTED'),
('6eac47106c7f2329ab14408342095c6a', 'CYCAES3J', 107, 'QQQQQQ6', 'E', 'O', 'NOT ATTEMPTED'),
('f074cbbbde92fab06d3b132f9c76936f', 'H22UXRJT', 1, 'QQQQQQ12', 'D', 'd', 'ANWERED'),
('f074cbbbde92fab06d3b132f9c76936f', 'H22UXRJT', 2, 'QQQQQQ8', 'C', 'c', 'ANWERED'),
('f074cbbbde92fab06d3b132f9c76936f', 'H22UXRJT', 3, 'QQQQQQ3', 'D', 'b', 'ANWERED'),
('f074cbbbde92fab06d3b132f9c76936f', 'H22UXRJT', 4, 'QQQQQQ2', 'C', 'd', 'ANWERED'),
('f074cbbbde92fab06d3b132f9c76936f', 'H22UXRJT', 5, 'QQQQQQ1', 'A', 'c', 'ANWERED'),
('f074cbbbde92fab06d3b132f9c76936f', 'H22UXRJT', 6, 'QQQQQQ17', 'D', 'e', 'ANWERED'),
('f074cbbbde92fab06d3b132f9c76936f', 'H22UXRJT', 7, 'QQQQQQ14', 'A', 'b', 'ANWERED'),
('f074cbbbde92fab06d3b132f9c76936f', 'H22UXRJT', 8, 'QQQQQQ7', 'D', 'b', 'ANWERED'),
('f074cbbbde92fab06d3b132f9c76936f', 'H22UXRJT', 9, 'QQQQQQ4', 'B', '', 'ANWERED'),
('f074cbbbde92fab06d3b132f9c76936f', 'H22UXRJT', 10, 'QQQQQQ10', 'A', 'O', 'NOT ATTEMPTED'),
('f074cbbbde92fab06d3b132f9c76936f', 'H22UXRJT', 11, 'QQQQQQ13', 'E', 'O', 'NOT ATTEMPTED'),
('f074cbbbde92fab06d3b132f9c76936f', 'H22UXRJT', 12, 'QQQQQQ15', 'C', 'O', 'NOT ATTEMPTED'),
('f074cbbbde92fab06d3b132f9c76936f', 'H22UXRJT', 13, 'QQQQQQ16', 'B', 'O', 'NOT ATTEMPTED'),
('f074cbbbde92fab06d3b132f9c76936f', 'H22UXRJT', 14, 'QQQQQQ9', 'B', 'O', 'NOT ATTEMPTED'),
('f074cbbbde92fab06d3b132f9c76936f', 'H22UXRJT', 15, 'QQQQQQ5', 'A', 'O', 'NOT ATTEMPTED'),
('f074cbbbde92fab06d3b132f9c76936f', 'H22UXRJT', 16, 'QQQQQQ11', 'C', 'O', 'NOT ATTEMPTED'),
('f074cbbbde92fab06d3b132f9c76936f', 'H22UXRJT', 17, 'QQQQQQ6', 'E', 'O', 'NOT ATTEMPTED'),
('44e64846ad2d948682e80f66ab74c673', 'I5IH5B1N', 1, 'capital of india', 'd', 'd', 'ANWERED'),
('44e64846ad2d948682e80f66ab74c673', 'I5IH5B1N', 2, 'Capital of Srilanka', 'b', 'c', 'ANWERED'),
('44e64846ad2d948682e80f66ab74c673', 'I5IH5B1N', 3, 'Capital of Bangaldesh', 'a', 'a', 'ANWERED'),
('44e64846ad2d948682e80f66ab74c673', 'I5IH5B1N', 4, 'Capital of Pakistan', 'b', 'b', 'ANWERED'),
('44e64846ad2d948682e80f66ab74c673', 'I5IH5B1N', 5, 'Capital of Afghanistan', 'c', 'e', 'ANWERED'),
('44e64846ad2d948682e80f66ab74c673', 'I5IH5B1N', 6, 'capital of USA', 'a', 'a', 'ANWERED'),
('44e64846ad2d948682e80f66ab74c673', 'I5IH5B1N', 7, 'Capital of  Netherlan', 'b', 'b', 'ANWERED'),
('44e64846ad2d948682e80f66ab74c673', 'I5IH5B1N', 8, 'capital of United Kingdom', 'b', 'c', 'ANWERED'),
('44e64846ad2d948682e80f66ab74c673', 'I5IH5B1N', 9, 'capital of canada', 'b', 'd', 'ANWERED'),
('44e64846ad2d948682e80f66ab74c673', 'I5IH5B1N', 10, 'Capital of  Ireland', 'e', 'e', 'ANWERED'),
('44e64846ad2d948682e80f66ab74c673', 'I5IH5B1N', 11, 'Capital of Japan', 'd', 'd', 'ANWERED'),
('44e64846ad2d948682e80f66ab74c673', 'I5IH5B1N', 12, 'Capital of NorthKorea', 'c', 'b', 'ANWERED'),
('44e64846ad2d948682e80f66ab74c673', 'I5IH5B1N', 13, 'Capital of South Korea', 'b', 'b', 'ANWERED'),
('44e64846ad2d948682e80f66ab74c673', 'I5IH5B1N', 14, 'Capital of china', 'c', 'c', 'ANWERED'),
('44e64846ad2d948682e80f66ab74c673', 'I5IH5B1N', 15, 'Capital of Taiwan', 'd', 'c', 'ANWERED'),
('eabd2286aec1dc4b404b5ce336e15ffc', 'I5IH5B1N', 1, 'capital of india', 'd', 'b', 'ANWERED'),
('eabd2286aec1dc4b404b5ce336e15ffc', 'I5IH5B1N', 2, 'Capital of Srilanka', 'b', 'd', 'ANWERED'),
('eabd2286aec1dc4b404b5ce336e15ffc', 'I5IH5B1N', 3, 'Capital of Bangaldesh', 'a', 'c', 'ANWERED'),
('eabd2286aec1dc4b404b5ce336e15ffc', 'I5IH5B1N', 4, 'Capital of Pakistan', 'b', 'c', 'ANWERED'),
('eabd2286aec1dc4b404b5ce336e15ffc', 'I5IH5B1N', 5, 'Capital of Afghanistan', 'c', 'c', 'ANWERED'),
('eabd2286aec1dc4b404b5ce336e15ffc', 'I5IH5B1N', 6, 'capital of USA', 'a', 'a', 'ANWERED'),
('eabd2286aec1dc4b404b5ce336e15ffc', 'I5IH5B1N', 7, 'Capital of  Netherlan', 'b', 'b', 'ANWERED'),
('eabd2286aec1dc4b404b5ce336e15ffc', 'I5IH5B1N', 8, 'capital of United Kingdom', 'b', 'd', 'ANWERED'),
('eabd2286aec1dc4b404b5ce336e15ffc', 'I5IH5B1N', 9, 'capital of canada', 'b', 'b', 'ANWERED'),
('eabd2286aec1dc4b404b5ce336e15ffc', 'I5IH5B1N', 10, 'Capital of  Ireland', 'e', 'd', 'ANWERED'),
('eabd2286aec1dc4b404b5ce336e15ffc', 'I5IH5B1N', 11, 'Capital of Japan', 'd', 'O', 'NOT ATTEMPTED'),
('eabd2286aec1dc4b404b5ce336e15ffc', 'I5IH5B1N', 12, 'Capital of NorthKorea', 'c', 'O', 'NOT ATTEMPTED'),
('eabd2286aec1dc4b404b5ce336e15ffc', 'I5IH5B1N', 13, 'Capital of South Korea', 'b', 'O', 'NOT ATTEMPTED'),
('eabd2286aec1dc4b404b5ce336e15ffc', 'I5IH5B1N', 14, 'Capital of china', 'c', 'O', 'NOT ATTEMPTED'),
('eabd2286aec1dc4b404b5ce336e15ffc', 'I5IH5B1N', 15, 'Capital of Taiwan', 'd', 'O', 'NOT ATTEMPTED'),
('0fcc3a193ae285840692d9be226a46d0', 'I5IH5B1N', 1, 'capital of india', 'd', 'c', 'ANWERED'),
('0fcc3a193ae285840692d9be226a46d0', 'I5IH5B1N', 2, 'Capital of Srilanka', 'b', 'b', 'ANWERED'),
('0fcc3a193ae285840692d9be226a46d0', 'I5IH5B1N', 3, 'Capital of Bangaldesh', 'a', 'a', 'ANWERED'),
('0fcc3a193ae285840692d9be226a46d0', 'I5IH5B1N', 4, 'Capital of Pakistan', 'b', 'c', 'ANWERED'),
('0fcc3a193ae285840692d9be226a46d0', 'I5IH5B1N', 5, 'Capital of Afghanistan', 'c', 'c', 'ANWERED'),
('0fcc3a193ae285840692d9be226a46d0', 'I5IH5B1N', 6, 'capital of USA', 'a', 'c', 'ANWERED'),
('0fcc3a193ae285840692d9be226a46d0', 'I5IH5B1N', 7, 'Capital of  Netherlan', 'b', 'b', 'ANWERED'),
('0fcc3a193ae285840692d9be226a46d0', 'I5IH5B1N', 8, 'capital of United Kingdom', 'b', 'd', 'ANWERED'),
('0fcc3a193ae285840692d9be226a46d0', 'I5IH5B1N', 9, 'capital of canada', 'b', 'c', 'ANWERED'),
('0fcc3a193ae285840692d9be226a46d0', 'I5IH5B1N', 10, 'Capital of  Ireland', 'e', 'e', 'ANWERED'),
('0fcc3a193ae285840692d9be226a46d0', 'I5IH5B1N', 11, 'Capital of Japan', 'd', 'O', 'NOT ATTEMPTED'),
('0fcc3a193ae285840692d9be226a46d0', 'I5IH5B1N', 12, 'Capital of NorthKorea', 'c', 'O', 'NOT ATTEMPTED'),
('0fcc3a193ae285840692d9be226a46d0', 'I5IH5B1N', 13, 'Capital of South Korea', 'b', 'O', 'NOT ATTEMPTED'),
('0fcc3a193ae285840692d9be226a46d0', 'I5IH5B1N', 14, 'Capital of china', 'c', 'O', 'NOT ATTEMPTED'),
('0fcc3a193ae285840692d9be226a46d0', 'I5IH5B1N', 15, 'Capital of Taiwan', 'd', 'O', 'NOT ATTEMPTED'),
('ac830c648d646f963e5bae43af4573c3', 'I5IH5B1N', 1, 'capital of india', 'd', 'd', 'ANWERED'),
('ac830c648d646f963e5bae43af4573c3', 'I5IH5B1N', 2, 'Capital of Srilanka', 'b', 'b', 'ANWERED'),
('ac830c648d646f963e5bae43af4573c3', 'I5IH5B1N', 3, 'Capital of Bangaldesh', 'a', 'a', 'ANWERED'),
('ac830c648d646f963e5bae43af4573c3', 'I5IH5B1N', 4, 'Capital of Pakistan', 'b', 'a', 'ANWERED'),
('ac830c648d646f963e5bae43af4573c3', 'I5IH5B1N', 5, 'Capital of Afghanistan', 'c', 'b', 'ANWERED'),
('ac830c648d646f963e5bae43af4573c3', 'I5IH5B1N', 6, 'capital of USA', 'a', 'a', 'ANWERED'),
('ac830c648d646f963e5bae43af4573c3', 'I5IH5B1N', 7, 'Capital of  Netherlan', 'b', 'b', 'ANWERED'),
('ac830c648d646f963e5bae43af4573c3', 'I5IH5B1N', 8, 'capital of United Kingdom', 'b', 'b', 'ANWERED'),
('ac830c648d646f963e5bae43af4573c3', 'I5IH5B1N', 9, 'capital of canada', 'b', 'b', 'ANWERED'),
('ac830c648d646f963e5bae43af4573c3', 'I5IH5B1N', 10, 'Capital of  Ireland', 'e', 'd', 'ANWERED'),
('ac830c648d646f963e5bae43af4573c3', 'I5IH5B1N', 11, 'Capital of Japan', 'd', 'O', 'NOT ATTEMPTED'),
('ac830c648d646f963e5bae43af4573c3', 'I5IH5B1N', 12, 'Capital of NorthKorea', 'c', 'O', 'NOT ATTEMPTED'),
('ac830c648d646f963e5bae43af4573c3', 'I5IH5B1N', 13, 'Capital of South Korea', 'b', 'O', 'NOT ATTEMPTED'),
('ac830c648d646f963e5bae43af4573c3', 'I5IH5B1N', 14, 'Capital of china', 'c', 'O', 'NOT ATTEMPTED'),
('ac830c648d646f963e5bae43af4573c3', 'I5IH5B1N', 15, 'Capital of Taiwan', 'd', 'O', 'NOT ATTEMPTED'),
('14dd78d13754219aac403b41c0697c34', 'I5IH5B1N', 1, 'capital of india', 'd', 'O', 'NOT ATTEMPTED'),
('14dd78d13754219aac403b41c0697c34', 'I5IH5B1N', 2, 'Capital of Srilanka', 'b', 'O', 'NOT ATTEMPTED'),
('14dd78d13754219aac403b41c0697c34', 'I5IH5B1N', 3, 'Capital of Bangaldesh', 'a', 'O', 'NOT ATTEMPTED'),
('14dd78d13754219aac403b41c0697c34', 'I5IH5B1N', 4, 'Capital of Pakistan', 'b', 'O', 'NOT ATTEMPTED'),
('14dd78d13754219aac403b41c0697c34', 'I5IH5B1N', 5, 'Capital of Afghanistan', 'c', 'O', 'NOT ATTEMPTED'),
('14dd78d13754219aac403b41c0697c34', 'I5IH5B1N', 6, 'capital of USA', 'a', 'O', 'NOT ATTEMPTED'),
('14dd78d13754219aac403b41c0697c34', 'I5IH5B1N', 7, 'Capital of  Netherlan', 'b', 'O', 'NOT ATTEMPTED'),
('14dd78d13754219aac403b41c0697c34', 'I5IH5B1N', 8, 'capital of United Kingdom', 'b', 'O', 'NOT ATTEMPTED'),
('14dd78d13754219aac403b41c0697c34', 'I5IH5B1N', 9, 'capital of canada', 'b', 'O', 'NOT ATTEMPTED'),
('14dd78d13754219aac403b41c0697c34', 'I5IH5B1N', 10, 'Capital of  Ireland', 'e', 'O', 'NOT ATTEMPTED'),
('14dd78d13754219aac403b41c0697c34', 'I5IH5B1N', 11, 'Capital of Japan', 'd', 'O', 'NOT ATTEMPTED'),
('14dd78d13754219aac403b41c0697c34', 'I5IH5B1N', 12, 'Capital of NorthKorea', 'c', 'O', 'NOT ATTEMPTED'),
('14dd78d13754219aac403b41c0697c34', 'I5IH5B1N', 13, 'Capital of South Korea', 'b', 'O', 'NOT ATTEMPTED'),
('14dd78d13754219aac403b41c0697c34', 'I5IH5B1N', 14, 'Capital of china', 'c', 'O', 'NOT ATTEMPTED'),
('14dd78d13754219aac403b41c0697c34', 'I5IH5B1N', 15, 'Capital of Taiwan', 'd', 'O', 'NOT ATTEMPTED'),
('26fcd5d86a524753ce1d9fe8b7996a7f', 'I5IH5B1N', 1, 'capital of india', 'd', 'd', 'ANWERED'),
('26fcd5d86a524753ce1d9fe8b7996a7f', 'I5IH5B1N', 2, 'Capital of Srilanka', 'b', 'b', 'ANWERED'),
('26fcd5d86a524753ce1d9fe8b7996a7f', 'I5IH5B1N', 3, 'Capital of Bangaldesh', 'a', 'a', 'ANWERED'),
('26fcd5d86a524753ce1d9fe8b7996a7f', 'I5IH5B1N', 4, 'Capital of Pakistan', 'b', 'c', 'ANWERED'),
('26fcd5d86a524753ce1d9fe8b7996a7f', 'I5IH5B1N', 5, 'Capital of Afghanistan', 'c', 'c', 'ANWERED'),
('26fcd5d86a524753ce1d9fe8b7996a7f', 'I5IH5B1N', 6, 'capital of USA', 'a', 'c', 'ANWERED'),
('26fcd5d86a524753ce1d9fe8b7996a7f', 'I5IH5B1N', 7, 'Capital of  Netherlan', 'b', 'b', 'ANWERED'),
('26fcd5d86a524753ce1d9fe8b7996a7f', 'I5IH5B1N', 8, 'capital of United Kingdom', 'b', 'b', 'ANWERED'),
('26fcd5d86a524753ce1d9fe8b7996a7f', 'I5IH5B1N', 9, 'capital of canada', 'b', 'b', 'ANWERED'),
('26fcd5d86a524753ce1d9fe8b7996a7f', 'I5IH5B1N', 10, 'Capital of  Ireland', 'e', 'e', 'ANWERED'),
('26fcd5d86a524753ce1d9fe8b7996a7f', 'I5IH5B1N', 11, 'Capital of Japan', 'd', 'b', 'ANWERED'),
('26fcd5d86a524753ce1d9fe8b7996a7f', 'I5IH5B1N', 12, 'Capital of NorthKorea', 'c', 'O', 'NOT ATTEMPTED'),
('26fcd5d86a524753ce1d9fe8b7996a7f', 'I5IH5B1N', 13, 'Capital of South Korea', 'b', 'O', 'NOT ATTEMPTED'),
('26fcd5d86a524753ce1d9fe8b7996a7f', 'I5IH5B1N', 14, 'Capital of china', 'c', 'O', 'NOT ATTEMPTED'),
('26fcd5d86a524753ce1d9fe8b7996a7f', 'I5IH5B1N', 15, 'Capital of Taiwan', 'd', 'O', 'NOT ATTEMPTED'),
('c1f780531c6875660bed7a97215d68b1', 'I5IH5B1N', 1, 'capital of india', 'd', '', 'ANWERED'),
('c1f780531c6875660bed7a97215d68b1', 'I5IH5B1N', 2, 'Capital of Srilanka', 'b', 'c', 'ANWERED'),
('c1f780531c6875660bed7a97215d68b1', 'I5IH5B1N', 3, 'Capital of Bangaldesh', 'a', 'a', 'ANWERED'),
('c1f780531c6875660bed7a97215d68b1', 'I5IH5B1N', 4, 'Capital of Pakistan', 'b', 'b', 'ANWERED'),
('c1f780531c6875660bed7a97215d68b1', 'I5IH5B1N', 5, 'Capital of Afghanistan', 'c', 'e', 'ANWERED'),
('c1f780531c6875660bed7a97215d68b1', 'I5IH5B1N', 6, 'capital of USA', 'a', 'a', 'ANWERED'),
('c1f780531c6875660bed7a97215d68b1', 'I5IH5B1N', 7, 'Capital of  Netherlan', 'b', 'c', 'ANWERED'),
('c1f780531c6875660bed7a97215d68b1', 'I5IH5B1N', 8, 'capital of United Kingdom', 'b', 'b', 'ANWERED'),
('c1f780531c6875660bed7a97215d68b1', 'I5IH5B1N', 9, 'capital of canada', 'b', 'b', 'ANWERED'),
('c1f780531c6875660bed7a97215d68b1', 'I5IH5B1N', 10, 'Capital of  Ireland', 'e', 'd', 'ANWERED'),
('c1f780531c6875660bed7a97215d68b1', 'I5IH5B1N', 11, 'Capital of Japan', 'd', 'O', 'NOT ATTEMPTED'),
('c1f780531c6875660bed7a97215d68b1', 'I5IH5B1N', 12, 'Capital of NorthKorea', 'c', 'O', 'NOT ATTEMPTED'),
('c1f780531c6875660bed7a97215d68b1', 'I5IH5B1N', 13, 'Capital of South Korea', 'b', 'O', 'NOT ATTEMPTED'),
('c1f780531c6875660bed7a97215d68b1', 'I5IH5B1N', 14, 'Capital of china', 'c', 'O', 'NOT ATTEMPTED'),
('c1f780531c6875660bed7a97215d68b1', 'I5IH5B1N', 15, 'Capital of Taiwan', 'd', 'O', 'NOT ATTEMPTED'),
('877be4b453dcec49c2411672d42f54e5', 'I5IH5B1N', 1, 'capital of india', 'd', 'O', 'NOT ATTEMPTED'),
('877be4b453dcec49c2411672d42f54e5', 'I5IH5B1N', 2, 'Capital of Srilanka', 'b', 'O', 'NOT ATTEMPTED'),
('877be4b453dcec49c2411672d42f54e5', 'I5IH5B1N', 3, 'Capital of Bangaldesh', 'a', 'O', 'NOT ATTEMPTED'),
('877be4b453dcec49c2411672d42f54e5', 'I5IH5B1N', 4, 'Capital of Pakistan', 'b', 'O', 'NOT ATTEMPTED'),
('877be4b453dcec49c2411672d42f54e5', 'I5IH5B1N', 5, 'Capital of Afghanistan', 'c', 'O', 'NOT ATTEMPTED'),
('877be4b453dcec49c2411672d42f54e5', 'I5IH5B1N', 6, 'capital of USA', 'a', 'O', 'NOT ATTEMPTED'),
('877be4b453dcec49c2411672d42f54e5', 'I5IH5B1N', 7, 'Capital of  Netherlan', 'b', 'O', 'NOT ATTEMPTED'),
('877be4b453dcec49c2411672d42f54e5', 'I5IH5B1N', 8, 'capital of United Kingdom', 'b', 'O', 'NOT ATTEMPTED'),
('877be4b453dcec49c2411672d42f54e5', 'I5IH5B1N', 9, 'capital of canada', 'b', 'O', 'NOT ATTEMPTED'),
('877be4b453dcec49c2411672d42f54e5', 'I5IH5B1N', 10, 'Capital of  Ireland', 'e', 'O', 'NOT ATTEMPTED'),
('877be4b453dcec49c2411672d42f54e5', 'I5IH5B1N', 11, 'Capital of Japan', 'd', 'O', 'NOT ATTEMPTED'),
('877be4b453dcec49c2411672d42f54e5', 'I5IH5B1N', 12, 'Capital of NorthKorea', 'c', 'O', 'NOT ATTEMPTED'),
('877be4b453dcec49c2411672d42f54e5', 'I5IH5B1N', 13, 'Capital of South Korea', 'b', 'O', 'NOT ATTEMPTED'),
('877be4b453dcec49c2411672d42f54e5', 'I5IH5B1N', 14, 'Capital of china', 'c', 'O', 'NOT ATTEMPTED'),
('877be4b453dcec49c2411672d42f54e5', 'I5IH5B1N', 15, 'Capital of Taiwan', 'd', 'O', 'NOT ATTEMPTED'),
('b13f46321c52f00a91bc1f1be829100c', 'SK3JZ9G6', 1, 'Bangalore Original Name', 'b', '', 'ANWERED'),
('b13f46321c52f00a91bc1f1be829100c', 'SK3JZ9G6', 2, 'Distance Between Hosur Bangalore', 'a', 'c', 'ANWERED'),
('b13f46321c52f00a91bc1f1be829100c', 'SK3JZ9G6', 3, 'Jayanagar Location', 'c', 'c', 'ANWERED'),
('b13f46321c52f00a91bc1f1be829100c', 'SK3JZ9G6', 4, 'Rajajinagar located in ', 'b', 'b', 'ANWERED'),
('b13f46321c52f00a91bc1f1be829100c', 'SK3JZ9G6', 5, 'Bangalore attached to ', 'd', 'd', 'ANWERED'),
('b13f46321c52f00a91bc1f1be829100c', 'SK3JZ9G6', 6, 'Banglore Industries', 'a', 'd', 'ANWERED'),
('b13f46321c52f00a91bc1f1be829100c', 'SK3JZ9G6', 7, 'EMC in', 'b', 'a', 'ANWERED'),
('b13f46321c52f00a91bc1f1be829100c', 'SK3JZ9G6', 8, 'INFOSYS in ', 'd', 'd', 'ANWERED'),
('b13f46321c52f00a91bc1f1be829100c', 'SK3JZ9G6', 9, 'IIM Bangalore', 'c', 'b', 'ANWERED'),
('b13f46321c52f00a91bc1f1be829100c', 'SK3JZ9G6', 10, 'Dell IN ', 'e', 'e', 'ANWERED'),
('b13f46321c52f00a91bc1f1be829100c', 'SK3JZ9G6', 11, 'MES College in ', 'c', 'c', 'ANWERED'),
('b13f46321c52f00a91bc1f1be829100c', 'SK3JZ9G6', 12, 'Opposit to Vidanasouda', 'c', 'e', 'ANWERED'),
('b13f46321c52f00a91bc1f1be829100c', 'SK3JZ9G6', 13, 'HoneyWell It in ', 'd', 'd', 'ANWERED'),
('b13f46321c52f00a91bc1f1be829100c', 'SK3JZ9G6', 14, 'Mejestic Area called', 'a', 'b', 'ANWERED'),
('b13f46321c52f00a91bc1f1be829100c', 'SK3JZ9G6', 15, 'Founder of Bangalore', 'a', 'a', 'ANWERED'),
('16460a15a74f216fc79b0441afda0e3d', 'I5IH5B1N', 1, 'capital of india', 'd', 'b', 'ANWERED'),
('16460a15a74f216fc79b0441afda0e3d', 'I5IH5B1N', 2, 'Capital of Srilanka', 'b', 'O', 'NOT ATTEMPTED'),
('16460a15a74f216fc79b0441afda0e3d', 'I5IH5B1N', 3, 'Capital of Bangaldesh', 'a', 'O', 'NOT ATTEMPTED'),
('16460a15a74f216fc79b0441afda0e3d', 'I5IH5B1N', 4, 'Capital of Pakistan', 'b', 'c', 'ANWERED'),
('16460a15a74f216fc79b0441afda0e3d', 'I5IH5B1N', 5, 'Capital of Afghanistan', 'c', 'O', 'NOT ATTEMPTED'),
('16460a15a74f216fc79b0441afda0e3d', 'I5IH5B1N', 6, 'capital of USA', 'a', 'O', 'NOT ATTEMPTED'),
('16460a15a74f216fc79b0441afda0e3d', 'I5IH5B1N', 7, 'Capital of  Netherlan', 'b', 'O', 'NOT ATTEMPTED'),
('16460a15a74f216fc79b0441afda0e3d', 'I5IH5B1N', 8, 'capital of United Kingdom', 'b', 'O', 'NOT ATTEMPTED'),
('16460a15a74f216fc79b0441afda0e3d', 'I5IH5B1N', 9, 'capital of canada', 'b', 'O', 'NOT ATTEMPTED'),
('16460a15a74f216fc79b0441afda0e3d', 'I5IH5B1N', 10, 'Capital of  Ireland', 'e', 'O', 'NOT ATTEMPTED'),
('16460a15a74f216fc79b0441afda0e3d', 'I5IH5B1N', 11, 'Capital of Japan', 'd', 'O', 'NOT ATTEMPTED'),
('16460a15a74f216fc79b0441afda0e3d', 'I5IH5B1N', 12, 'Capital of NorthKorea', 'c', 'O', 'NOT ATTEMPTED'),
('16460a15a74f216fc79b0441afda0e3d', 'I5IH5B1N', 13, 'Capital of South Korea', 'b', 'O', 'NOT ATTEMPTED'),
('16460a15a74f216fc79b0441afda0e3d', 'I5IH5B1N', 14, 'Capital of china', 'c', 'O', 'NOT ATTEMPTED'),
('16460a15a74f216fc79b0441afda0e3d', 'I5IH5B1N', 15, 'Capital of Taiwan', 'd', 'O', 'NOT ATTEMPTED'),
('64e6360000aabdff5a61a0a023026f05', 'I5IH5B1N ', 1, 'capital of india', 'd', 'O', 'NOT ATTEMPTED'),
('64e6360000aabdff5a61a0a023026f05', 'I5IH5B1N ', 2, 'Capital of Srilanka', 'b', 'O', 'NOT ATTEMPTED'),
('64e6360000aabdff5a61a0a023026f05', 'I5IH5B1N ', 3, 'Capital of Bangaldesh', 'a', 'O', 'NOT ATTEMPTED'),
('64e6360000aabdff5a61a0a023026f05', 'I5IH5B1N ', 4, 'Capital of Pakistan', 'b', 'O', 'NOT ATTEMPTED'),
('64e6360000aabdff5a61a0a023026f05', 'I5IH5B1N ', 5, 'Capital of Afghanistan', 'c', 'O', 'NOT ATTEMPTED'),
('64e6360000aabdff5a61a0a023026f05', 'I5IH5B1N ', 6, 'capital of USA', 'a', 'O', 'NOT ATTEMPTED'),
('64e6360000aabdff5a61a0a023026f05', 'I5IH5B1N ', 7, 'Capital of  Netherlan', 'b', 'O', 'NOT ATTEMPTED'),
('64e6360000aabdff5a61a0a023026f05', 'I5IH5B1N ', 8, 'capital of United Kingdom', 'b', 'O', 'NOT ATTEMPTED'),
('64e6360000aabdff5a61a0a023026f05', 'I5IH5B1N ', 9, 'capital of canada', 'b', 'O', 'NOT ATTEMPTED'),
('64e6360000aabdff5a61a0a023026f05', 'I5IH5B1N ', 10, 'Capital of  Ireland', 'e', 'O', 'NOT ATTEMPTED'),
('64e6360000aabdff5a61a0a023026f05', 'I5IH5B1N ', 11, 'Capital of Japan', 'd', 'O', 'NOT ATTEMPTED'),
('64e6360000aabdff5a61a0a023026f05', 'I5IH5B1N ', 12, 'Capital of NorthKorea', 'c', 'O', 'NOT ATTEMPTED'),
('64e6360000aabdff5a61a0a023026f05', 'I5IH5B1N ', 13, 'Capital of South Korea', 'b', 'O', 'NOT ATTEMPTED'),
('64e6360000aabdff5a61a0a023026f05', 'I5IH5B1N ', 14, 'Capital of china', 'c', 'O', 'NOT ATTEMPTED'),
('64e6360000aabdff5a61a0a023026f05', 'I5IH5B1N ', 15, 'Capital of Taiwan', 'd', 'O', 'NOT ATTEMPTED');

-- --------------------------------------------------------

--
-- Table structure for table `register_test_attempt`
--

CREATE TABLE IF NOT EXISTS `register_test_attempt` (
  `testsetid` varchar(15) DEFAULT NULL,
  `uname` varchar(15) DEFAULT NULL,
  `logtime` timestamp NOT NULL DEFAULT CURRENT_TIMESTAMP ON UPDATE CURRENT_TIMESTAMP,
  `sid` varchar(50) NOT NULL DEFAULT '',
  `test_summary` varchar(70) DEFAULT NULL,
  PRIMARY KEY (`sid`)
) ENGINE=InnoDB DEFAULT CHARSET=latin1;

--
-- Dumping data for table `register_test_attempt`
--

INSERT INTO `register_test_attempt` (`testsetid`, `uname`, `logtime`, `sid`, `test_summary`) VALUES
('CYCAES3J', 'vidya', '2012-12-17 15:32:11', '09b82d8e3e5ed211864471f126df10fb', NULL),
('I5IH5B1N', 'shiva', '2012-12-18 00:44:47', '0fcc3a193ae285840692d9be226a46d0', NULL),
('I5IH5B1N', 'mayur', '2012-12-18 11:59:27', '14dd78d13754219aac403b41c0697c34', 'NO Result'),
('I5IH5B1N', '', '2017-03-21 04:31:11', '16460a15a74f216fc79b0441afda0e3d', 'NO Result'),
('I5IH5B1N', 'shiva', '2012-12-18 12:03:02', '26fcd5d86a524753ce1d9fe8b7996a7f', 'Test Report  Total = 15  ****** PASSED =  8'),
('H22UXRJT', 'vidya', '2012-12-17 15:30:15', '2b94aae8ecdb927e9e6e6220cd05f29d', NULL),
('1LOEVCGQ', 'shiva', '2012-12-17 13:12:20', '339a0737ea0147c118016ec1cec695ff', NULL),
('I5IH5B1N', 'mayur', '2012-12-17 19:27:18', '44e64846ad2d948682e80f66ab74c673', NULL),
('1LOEVCGQ', 'mayur', '2012-12-17 15:28:27', '5d65f1f65132e195e22ad661faa33e9c', NULL),
('I5IH5B1N ', '', '2018-04-03 10:33:18', '64e6360000aabdff5a61a0a023026f05', 'NO Result'),
('CYCAES3J', 'ananth', '2012-12-17 15:34:13', '6eac47106c7f2329ab14408342095c6a', NULL),
('I5IH5B1N', '', '2012-12-20 14:39:28', '877be4b453dcec49c2411672d42f54e5', 'NO Result'),
('CYCAES3J', 'shiva', '2012-12-17 15:28:41', 'a4fece69f6f0169ddb0bae0fd129a790', NULL),
('I5IH5B1N', 'mayur', '2012-12-18 11:56:14', 'ac830c648d646f963e5bae43af4573c3', 'NO Result'),
('SK3JZ9G6', '', '2016-03-24 15:22:29', 'b13f46321c52f00a91bc1f1be829100c', 'Test Report  Total = 15  ****** PASSED =  8'),
('I5IH5B1N', 'ananth', '2012-12-18 23:10:04', 'c1f780531c6875660bed7a97215d68b1', 'Test Report  Total = 15  ****** PASSED =  5'),
('I5IH5B1N', 'shiva', '2012-12-17 20:29:31', 'eabd2286aec1dc4b404b5ce336e15ffc', NULL),
('H22UXRJT', 'shiva', '2012-12-17 15:35:09', 'f074cbbbde92fab06d3b132f9c76936f', NULL);

-- --------------------------------------------------------

--
-- Table structure for table `t_persession`
--

CREATE TABLE IF NOT EXISTS `t_persession` (
  `sid` varchar(50) DEFAULT NULL,
  `uid` int(11) DEFAULT NULL,
  `o_count` int(11) DEFAULT NULL,
  `logged_time` timestamp NOT NULL DEFAULT CURRENT_TIMESTAMP ON UPDATE CURRENT_TIMESTAMP,
  `is_logged_in` int(11) DEFAULT NULL,
  `is_logged_out` int(11) DEFAULT NULL
) ENGINE=InnoDB DEFAULT CHARSET=latin1;

--
-- Dumping data for table `t_persession`
--

INSERT INTO `t_persession` (`sid`, `uid`, `o_count`, `logged_time`, `is_logged_in`, `is_logged_out`) VALUES
('3446770efbaacb3b20fd66346c5c2cf5', 1, 0, '2012-11-04 20:19:36', 1, 0),
('3446770efbaacb3b20fd66346c5c2cf5', 1, 0, '2012-11-04 20:20:27', 1, 0),
('3446770efbaacb3b20fd66346c5c2cf5', 1, 0, '2012-11-04 20:32:41', 1, 0),
('3446770efbaacb3b20fd66346c5c2cf5', 1, 0, '2012-11-04 20:33:58', 1, 0),
('3446770efbaacb3b20fd66346c5c2cf5', 1, 0, '2012-11-04 20:34:39', 1, 0),
('b4dce0e38188818799a32ca1737a6ac9', 1, 0, '2012-11-04 20:58:47', 1, 0),
('b4dce0e38188818799a32ca1737a6ac9', 1, 0, '2012-11-04 21:01:44', 1, 0),
('b4dce0e38188818799a32ca1737a6ac9', 1, 0, '2012-11-04 21:06:41', 1, 0),
('b4dce0e38188818799a32ca1737a6ac9', 1, 0, '2012-11-04 21:09:09', 1, 0),
('e74e5b7fbf9d2e5a408dde869fdcce2a', 1, 0, '2012-11-05 05:01:25', 1, 0),
('cb683a6752e4b5389bc53a93973f93a1', 1, 0, '2012-11-05 05:52:54', 1, 0),
('26a8c7cdcb2cd0449d4a60258a1a6e49', 1, 0, '2012-11-05 06:01:38', 1, 0),
('4a9d1e816baba3bd7bd45c87efa076df', 1, 0, '2012-11-05 06:04:32', 1, 0),
('c91821143f553085da756d73fe931122', 1, 0, '2012-11-05 06:05:22', 1, 0),
('f2b8b67304fb9a03885318c10ec71a8e', 1, 0, '2012-11-05 06:07:05', 1, 0),
('c062173f6c667ab0645dd16023622677', 1, 0, '2012-11-05 06:07:27', 1, 0),
('45f48484f06536ba01f35654ceb47bc1', 1, 0, '2012-11-05 06:08:14', 1, 0),
('2dfc20bda1d92cb7c8b8852a31998448', 1, 0, '2012-11-05 06:09:36', 1, 0),
('85ad7b06d6536c98e861071f7b0ba367', 1, 0, '2012-11-05 06:12:33', 1, 0),
('910566088d8afd1e8a623579111f7f26', 1, 0, '2012-11-05 06:12:53', 1, 0),
('fe10bd3c8b2f15ff0978eef56ae111d5', 1, 0, '2012-11-05 06:13:04', 1, 0),
('f76001cd32d014ace440acf0cd7e41bc', 1, 0, '2012-11-05 06:13:13', 1, 0),
('502d740f0104044058ca6d09b7f06298', 1, 0, '2012-11-05 06:43:31', 1, 0),
('eed7aee33b2f4e3d0dcfdf69b72a68cb', 5, 0, '2012-11-05 06:43:50', 1, 0),
('30cd62d669293e1f688b6cf0dd6334ef', 4, 0, '2012-11-05 06:44:01', 1, 0),
('772427215c887e9e113f9d9ed9c6a847', 3, 0, '2012-11-05 06:44:17', 1, 0),
('0e5e4d8bf44e1e991123a7ba5375af62', 2, 0, '2012-11-05 06:59:29', 1, 0),
('b3e613200119bffa073d2f14b24e80bf', 1, 0, '2012-11-05 08:07:32', 1, 0),
('fa80d2be7df4e6275063848ddadec16d', 1, 0, '2012-11-07 07:21:39', 1, 0),
('fa80d2be7df4e6275063848ddadec16d', 2, 0, '2012-11-07 07:30:55', 1, 0),
('fa80d2be7df4e6275063848ddadec16d', 3, 0, '2012-11-07 08:28:47', 1, 0),
('fa80d2be7df4e6275063848ddadec16d', 1, 0, '2012-11-07 08:29:56', 1, 0),
('fa80d2be7df4e6275063848ddadec16d', 4, 0, '2012-11-07 09:04:06', 1, 0),
('4dfe7ed6cdb0a7bbba955c84e2c19715', 1, 0, '2012-11-07 09:05:19', 1, 0),
('fa80d2be7df4e6275063848ddadec16d', 1, 0, '2012-11-07 11:50:21', 1, 0),
('4dfe7ed6cdb0a7bbba955c84e2c19715', 1, 0, '2012-11-07 12:17:32', 1, 0),
('65d5f48b63921d623f5b6eea7ae81136', 4, 0, '2012-11-07 14:17:44', 1, 0),
('65d5f48b63921d623f5b6eea7ae81136', 1, 0, '2012-11-07 14:18:01', 1, 0),
('65d5f48b63921d623f5b6eea7ae81136', 1, 0, '2012-11-07 14:23:59', 1, 0),
('65d5f48b63921d623f5b6eea7ae81136', 1, 0, '2012-11-07 14:48:57', 1, 0),
('7b99d24fedc1f5e4b2ce3680518256b7', 1, 0, '2012-11-07 17:07:21', 1, 0),
('7b99d24fedc1f5e4b2ce3680518256b7', 1, 0, '2012-11-07 17:33:55', 1, 0),
('7b99d24fedc1f5e4b2ce3680518256b7', 4, 0, '2012-11-07 17:42:44', 1, 0),
('7b99d24fedc1f5e4b2ce3680518256b7', 4, 0, '2012-11-07 17:55:10', 1, 0),
('7b99d24fedc1f5e4b2ce3680518256b7', 1, 0, '2012-11-07 17:55:35', 1, 0),
('246f0c2d9777e0180eba6c5cb159a4dc', 1, 0, '2012-11-08 06:36:39', 1, 0),
('ce2c56ff0f4a166d3fd03d7c804578c8', 4, 0, '2012-11-08 06:56:25', 1, 0),
('246f0c2d9777e0180eba6c5cb159a4dc', 4, 0, '2012-11-08 07:00:08', 1, 0),
('ce2c56ff0f4a166d3fd03d7c804578c8', 1, 0, '2012-11-08 07:25:10', 1, 0),
('246f0c2d9777e0180eba6c5cb159a4dc', 1, 0, '2012-11-08 07:50:27', 1, 0),
('ce2c56ff0f4a166d3fd03d7c804578c8', 4, 0, '2012-11-08 07:51:11', 1, 0),
('246f0c2d9777e0180eba6c5cb159a4dc', 4, 0, '2012-11-08 09:19:19', 1, 0),
('c4b728327d9f24f14483edca27a8c78e', 1, 0, '2012-11-09 07:34:31', 1, 0),
('d0f2309aaa474ebd7b9277c5844bdb23', 2, 0, '2012-11-09 07:35:39', 1, 0),
('d0f2309aaa474ebd7b9277c5844bdb23', 4, 0, '2012-11-09 07:51:13', 1, 0),
('7e7d9190c3505432377644ba3182aae5', 4, 0, '2012-11-09 13:55:58', 1, 0),
('d383501bf3c4e5a5e2fbfa6750dbb2c7', 1, 0, '2012-11-09 13:58:59', 1, 0),
('7e7d9190c3505432377644ba3182aae5', 2, 0, '2012-11-09 14:12:59', 1, 0),
('7e7d9190c3505432377644ba3182aae5', 4, 0, '2012-11-09 14:46:54', 1, 0),
('7e7d9190c3505432377644ba3182aae5', 1, 0, '2012-11-09 14:52:14', 1, 0),
('d383501bf3c4e5a5e2fbfa6750dbb2c7', 2, 0, '2012-11-09 14:52:22', 1, 0),
('c980fe3ba4b0bcd23fe4ce4e79831a62', 1, 0, '2012-11-09 19:10:58', 1, 0),
('56fbe11b0f75ae193c882181e8a8ea83', 2, 0, '2012-11-09 19:39:04', 1, 0),
('c980fe3ba4b0bcd23fe4ce4e79831a62', 1, 0, '2012-11-09 20:00:47', 1, 0),
('c980fe3ba4b0bcd23fe4ce4e79831a62', 1, 0, '2012-11-09 20:09:48', 1, 0),
('ed49ca56e260467ac8d1448d8f7a2747', 1, 0, '2012-11-10 06:17:01', 1, 0),
('bc434fbc0f211b4e13802700b48d5502', 1, 0, '2012-11-10 14:30:23', 1, 0),
('a67addfcabc8e38dff006ab524ba2916', 1, 0, '2012-11-11 05:31:12', 1, 0),
('5df78408cf88ba86a75dfea3b996ae38', 1, 0, '2012-11-11 09:31:39', 1, 0),
('9ac9c836e2b3d240cde635c44c3d4a03', 1, 0, '2012-11-11 18:24:56', 1, 0),
('9ac9c836e2b3d240cde635c44c3d4a03', 1, 0, '2012-11-11 19:38:23', 1, 0),
('9bc85d9ad621234be37b39bedf28eed4', 1, 0, '2012-11-11 19:39:41', 1, 0),
('9bc85d9ad621234be37b39bedf28eed4', 1, 0, '2012-11-11 19:54:39', 1, 0),
('51365bc5244dd5617b6ff69b93e9dcde', 1, 0, '2012-11-11 19:56:34', 1, 0),
('51365bc5244dd5617b6ff69b93e9dcde', 1, 0, '2012-11-11 19:58:16', 1, 0),
('9ac9c836e2b3d240cde635c44c3d4a03', 1, 0, '2012-11-11 20:09:18', 1, 0),
('9bc85d9ad621234be37b39bedf28eed4', 1, 0, '2012-11-11 20:19:14', 1, 0),
('9bc85d9ad621234be37b39bedf28eed4', 4, 0, '2012-11-11 20:34:11', 1, 0),
('6766c851dff346fa6c36e3e27900c9af', 1, 0, '2012-11-12 06:48:04', 1, 0),
('e03d02f6f8a7c965c7a35d37d2fba268', 4, 0, '2012-11-12 08:07:38', 1, 0),
('5ae896e2d916b74a4800cb0731d3f96f', 4, 0, '2012-11-12 17:42:08', 1, 0),
('5ae896e2d916b74a4800cb0731d3f96f', 4, 0, '2012-11-12 18:16:40', 1, 0),
('671e8bbf0a8ebe8bbab56d97719d59b9', 1, 0, '2012-11-13 10:24:41', 1, 0),
('671e8bbf0a8ebe8bbab56d97719d59b9', 4, 0, '2012-11-13 10:32:05', 1, 0),
('712084bc74cdd5377622ec40bc40bcc5', 3, 0, '2012-12-11 16:20:49', 1, 0),
('00db23b80865543c56d5fa5dd89471fd', 3, 0, '2012-12-11 21:25:49', 1, 0),
('00db23b80865543c56d5fa5dd89471fd', 3, 0, '2012-12-11 23:05:27', 1, 0),
('5f5bfaa089735817d76e221cca0cf4d4', 3, 0, '2012-12-12 11:48:49', 1, 0),
('5f5bfaa089735817d76e221cca0cf4d4', 3, 0, '2012-12-12 14:40:52', 1, 0),
('5f5bfaa089735817d76e221cca0cf4d4', 3, 0, '2012-12-12 14:56:48', 1, 0),
('5f5bfaa089735817d76e221cca0cf4d4', 3, 0, '2012-12-12 16:23:05', 1, 0),
('134a78afc64e3434f62bb4a7a3296d28', 3, 0, '2012-12-13 00:22:34', 1, 0),
('3a9f302035c44f84c0dc50e6a93ed34e', 3, 0, '2012-12-13 19:21:33', 1, 0),
('083b52b9c70f63a207163743e1b8b3e8', 3, 0, '2012-12-14 00:09:52', 1, 0),
('17291d0b90b118a795d5d279572901bf', 3, 0, '2012-12-14 12:23:31', 1, 0),
('c0c7b14d56aa60147d63ddb320c9ab54', 3, 0, '2012-12-14 17:12:17', 1, 0),
('c0c7b14d56aa60147d63ddb320c9ab54', 3, 0, '2012-12-14 17:12:20', 1, 0),
('c0c7b14d56aa60147d63ddb320c9ab54', 3, 0, '2012-12-14 19:08:38', 1, 0),
('d6fcc82b5bd6cb68c209b316facdc042', 3, 0, '2012-12-14 23:05:15', 1, 0),
('4f9055ea46d84d582644faa742a6d929', 3, 0, '2012-12-14 23:15:42', 1, 0),
('3d52fb0d125c74e58c32d639500cc9c2', 3, 0, '2012-12-16 11:15:41', 1, 0),
('3d52fb0d125c74e58c32d639500cc9c2', 3, 0, '2012-12-16 11:21:09', 1, 0),
('3d52fb0d125c74e58c32d639500cc9c2', 3, 0, '2012-12-16 11:28:01', 1, 0),
('3d52fb0d125c74e58c32d639500cc9c2', 3, 0, '2012-12-16 11:36:22', 1, 0),
('3d52fb0d125c74e58c32d639500cc9c2', 3, 0, '2012-12-16 14:13:33', 1, 0),
('3d52fb0d125c74e58c32d639500cc9c2', 3, 0, '2012-12-16 15:06:08', 1, 0),
('275e2a72beb07b8d64386732b6ea4f74', 3, 0, '2012-12-16 16:52:56', 1, 0),
('275e2a72beb07b8d64386732b6ea4f74', 3, 0, '2012-12-16 16:54:43', 1, 0),
('275e2a72beb07b8d64386732b6ea4f74', 1, 0, '2012-12-16 16:55:22', 1, 0),
('275e2a72beb07b8d64386732b6ea4f74', 1, 0, '2012-12-16 16:55:39', 1, 0),
('275e2a72beb07b8d64386732b6ea4f74', 1, 0, '2012-12-16 19:13:41', 1, 0),
('275e2a72beb07b8d64386732b6ea4f74', 1, 0, '2012-12-16 20:43:47', 1, 0),
('275e2a72beb07b8d64386732b6ea4f74', 1, 0, '2012-12-16 20:47:16', 1, 0),
('275e2a72beb07b8d64386732b6ea4f74', 3, 0, '2012-12-16 20:49:11', 1, 0),
('275e2a72beb07b8d64386732b6ea4f74', 1, 0, '2012-12-16 20:58:09', 1, 0),
('275e2a72beb07b8d64386732b6ea4f74', 3, 0, '2012-12-16 22:09:58', 1, 0),
('275e2a72beb07b8d64386732b6ea4f74', 1, 0, '2012-12-16 22:13:39', 1, 0),
('275e2a72beb07b8d64386732b6ea4f74', 2, 0, '2012-12-17 00:35:31', 1, 0),
('339a0737ea0147c118016ec1cec695ff', 1, 0, '2012-12-17 11:13:26', 1, 0),
('339a0737ea0147c118016ec1cec695ff', 1, 0, '2012-12-17 13:12:20', 1, 0),
('339a0737ea0147c118016ec1cec695ff', 1, 0, '2012-12-17 13:28:48', 1, 0),
('339a0737ea0147c118016ec1cec695ff', 1, 0, '2012-12-17 13:30:36', 1, 0),
('339a0737ea0147c118016ec1cec695ff', 1, 0, '2012-12-17 13:31:29', 1, 0),
('339a0737ea0147c118016ec1cec695ff', 1, 0, '2012-12-17 13:31:53', 1, 0),
('339a0737ea0147c118016ec1cec695ff', 1, 0, '2012-12-17 13:54:14', 1, 0),
('339a0737ea0147c118016ec1cec695ff', 2, 0, '2012-12-17 14:04:26', 1, 0),
('339a0737ea0147c118016ec1cec695ff', 3, 0, '2012-12-17 14:49:32', 1, 0),
('339a0737ea0147c118016ec1cec695ff', 2, 0, '2012-12-17 14:51:56', 1, 0),
('339a0737ea0147c118016ec1cec695ff', 3, 0, '2012-12-17 14:52:38', 1, 0),
('339a0737ea0147c118016ec1cec695ff', 1, 0, '2012-12-17 14:53:48', 1, 0),
('339a0737ea0147c118016ec1cec695ff', 3, 0, '2012-12-17 14:54:33', 1, 0),
('339a0737ea0147c118016ec1cec695ff', 1, 0, '2012-12-17 14:55:32', 1, 0),
('339a0737ea0147c118016ec1cec695ff', 1, 0, '2012-12-17 15:00:59', 1, 0),
('339a0737ea0147c118016ec1cec695ff', 1, 0, '2012-12-17 15:01:21', 1, 0),
('339a0737ea0147c118016ec1cec695ff', 1, 0, '2012-12-17 15:01:49', 1, 0),
('339a0737ea0147c118016ec1cec695ff', 1, 0, '2012-12-17 15:02:51', 1, 0),
('339a0737ea0147c118016ec1cec695ff', 1, 0, '2012-12-17 15:03:24', 1, 0),
('339a0737ea0147c118016ec1cec695ff', 1, 0, '2012-12-17 15:04:25', 1, 0),
('339a0737ea0147c118016ec1cec695ff', 1, 0, '2012-12-17 15:22:32', 1, 0),
('339a0737ea0147c118016ec1cec695ff', 1, 0, '2012-12-17 15:22:46', 1, 0),
('339a0737ea0147c118016ec1cec695ff', 3, 0, '2012-12-17 15:27:19', 1, 0),
('5d65f1f65132e195e22ad661faa33e9c', 3, 0, '2012-12-17 15:28:27', 1, 0),
('a4fece69f6f0169ddb0bae0fd129a790', 1, 0, '2012-12-17 15:28:41', 1, 0),
('2b94aae8ecdb927e9e6e6220cd05f29d', 2, 0, '2012-12-17 15:30:15', 1, 0),
('09b82d8e3e5ed211864471f126df10fb', 2, 0, '2012-12-17 15:32:11', 1, 0),
('6eac47106c7f2329ab14408342095c6a', 9, 0, '2012-12-17 15:34:13', 1, 0),
('f074cbbbde92fab06d3b132f9c76936f', 1, 0, '2012-12-17 15:35:09', 1, 0),
('8f1e6f01f72aa7fb667b4010edaa6b4e', 3, 0, '2012-12-17 15:42:24', 1, 0),
('3bc8aebba5aae0a22b850056e978d508', 2, 0, '2012-12-17 19:09:50', 1, 0),
('d6c96edac312c59551f9fe50dc262ee0', 3, 0, '2012-12-17 19:25:35', 1, 0),
('176ed2310546b24ac2706368ec0688bf', 2, 0, '2012-12-17 19:26:01', 1, 0),
('44e64846ad2d948682e80f66ab74c673', 3, 0, '2012-12-17 19:27:18', 1, 0),
('eabd2286aec1dc4b404b5ce336e15ffc', 1, 0, '2012-12-17 20:29:31', 1, 0),
('b6e8dc0d286caa9cabee4517d367d74f', 1, 0, '2012-12-18 00:44:36', 1, 0),
('0fcc3a193ae285840692d9be226a46d0', 1, 0, '2012-12-18 00:44:47', 1, 0),
('a69b4f39b79eb45cfedcb2669d67c4b0', 3, 0, '2012-12-18 00:48:27', 1, 0),
('8c7778bf83f0a03a1961f537f833bc00', 3, 0, '2012-12-18 11:18:44', 1, 0),
('9f84dbc8f97e43f31d5f7df82ca661d8', 2, 0, '2012-12-18 11:19:54', 1, 0),
('59b3967832216eb550251884d2612ade', 3, 0, '2012-12-18 11:46:49', 1, 0),
('c1663f4d6a0aaf0c8cdce3a9730be260', 3, 0, '2012-12-18 11:47:34', 1, 0),
('8476be3b2a360253d9fe52765233e7f1', 3, 0, '2012-12-18 11:48:03', 1, 0),
('8476be3b2a360253d9fe52765233e7f1', 3, 0, '2012-12-18 11:51:28', 1, 0),
('8476be3b2a360253d9fe52765233e7f1', 3, 0, '2012-12-18 11:52:14', 1, 0),
('ac830c648d646f963e5bae43af4573c3', 3, 0, '2012-12-18 11:52:25', 1, 0),
('ac830c648d646f963e5bae43af4573c3', 3, 0, '2012-12-18 11:56:14', 1, 0),
('944d549cc5327739dfa6b6adb7ca147e', 3, 0, '2012-12-18 11:59:15', 1, 0),
('14dd78d13754219aac403b41c0697c34', 3, 0, '2012-12-18 11:59:27', 1, 0),
('26fcd5d86a524753ce1d9fe8b7996a7f', 1, 0, '2012-12-18 11:59:48', 1, 0),
('3475e79d54ca9bdfc188af025551c9a1', 3, 0, '2012-12-18 12:04:32', 1, 0),
('c0e827de3ce97307885fdc99d55aafb4', 2, 0, '2012-12-18 12:15:30', 1, 0),
('66b63e3884abc3f89044f85ffa45518a', 2, 0, '2012-12-18 13:44:30', 1, 0),
('bea17aff991a0253198b4b23711edd35', 3, 0, '2012-12-18 14:37:09', 1, 0),
('54629afcdaf690d39a0dca48dbcc856c', 2, 0, '2012-12-18 15:32:19', 1, 0),
('a27aa40818e67f509d399e214d8e9b10', 2, 0, '2012-12-18 18:11:37', 1, 0),
('bb972dc3d42f76af2cf4f2041fe0abed', 3, 0, '2012-12-18 18:12:12', 1, 0),
('c9fc9f7492baa9fa3a78f7379e77c744', 2, 0, '2012-12-18 18:19:34', 1, 0),
('68449f7e3838c6733dd6ad8bb371001e', 2, 0, '2012-12-18 22:48:22', 1, 0),
('d84b680cbed7a9bf8c0a1b24f534cdd5', 2, 0, '2012-12-18 22:59:25', 1, 0),
('c1f780531c6875660bed7a97215d68b1', 9, 0, '2012-12-18 23:03:46', 1, 0),
('5740c9b40b7b00d58a4465d843325917', 2, 0, '2012-12-18 23:10:38', 1, 0),
('9d925314ec01703a60b8b96d538fd724', 3, 0, '2012-12-19 00:17:35', 1, 0),
('877be4b453dcec49c2411672d42f54e5', 12, 0, '2012-12-20 14:39:28', 1, 0),
('20302b4af8b15d01d423ed8f37d6d406', 3, 0, '2012-12-20 14:40:29', 1, 0),
('1cb1a3f926e71c27fce742b799205882', 1, 0, '2012-12-20 14:53:38', 1, 0),
('f9aa4270618656e9f5b66b170fead274', 2, 0, '2013-01-09 01:49:18', 1, 0),
('7490d4c38185e2d6af07874207fb67f8', 2, 0, '2013-06-03 21:53:26', 1, 0),
('6c3796a37249e1784126b07fd5b2f7c8', 2, 0, '2013-06-04 15:30:51', 1, 0),
('766898b7bf72705b45130b5d7723743a', 2, 0, '2013-09-13 18:12:45', 1, 0),
('939b1b51dc06c6297de0777e09289071', 4, 0, '2016-03-24 12:32:28', 1, 0),
('cf0ced29ffe6537b6315d87109fcc851', 4, 0, '2016-03-24 13:45:14', 1, 0),
('b13f46321c52f00a91bc1f1be829100c', 0, 0, '2016-03-24 13:46:23', 1, 0),
('ffd7bf028fef554ca55d2c84f08b6ae9', 4, 0, '2016-03-24 15:24:23', 1, 0),
('7c522c8447579d4cd3ab9b64a0c9f362', 4, 0, '2016-03-25 08:04:51', 1, 0),
('8c3ad1e9610e14739114443cafabd3a7', 0, 0, '2017-03-21 04:30:20', 1, 0),
('16460a15a74f216fc79b0441afda0e3d', 0, 0, '2017-03-21 04:31:11', 1, 0),
('6a3bf97da032d1d1392ff14efdd42e0b', 0, 0, '2017-04-27 08:34:49', 1, 0),
('b097bf98cbb95054e9272a4e3d85f63f', 0, 0, '2017-09-03 09:54:30', 1, 0),
('6d2ba4f3a2394aa0849de3747d10f063', 0, 0, '2017-09-03 09:54:31', 1, 0),
('751440bbb68d9eeeabfe8de88c7a4126', 0, 0, '2018-04-03 10:16:39', 1, 0),
('8f92ee4ead6f78b65cda5c85a5fb3f9f', 0, 0, '2018-04-03 10:29:52', 1, 0),
('f430cd0d4a8d8e23ecf90869121aa6c6', 2, 0, '2018-04-03 10:32:09', 1, 0),
('64e6360000aabdff5a61a0a023026f05', 0, 0, '2018-04-03 10:33:18', 1, 0);

-- --------------------------------------------------------

--
-- Table structure for table `t_test_case_info`
--

CREATE TABLE IF NOT EXISTS `t_test_case_info` (
  `test_set_id` varchar(10) DEFAULT NULL,
  `sln` int(11) DEFAULT NULL,
  `quesation` varchar(500) DEFAULT NULL,
  `q_a` varchar(150) DEFAULT NULL,
  `q_b` varchar(150) DEFAULT NULL,
  `q_c` varchar(150) DEFAULT NULL,
  `q_d` varchar(150) DEFAULT NULL,
  `q_e` varchar(150) DEFAULT NULL,
  `answer` varchar(2) DEFAULT NULL,
  KEY `test_set_id` (`test_set_id`)
) ENGINE=InnoDB DEFAULT CHARSET=latin1;

--
-- Dumping data for table `t_test_case_info`
--

INSERT INTO `t_test_case_info` (`test_set_id`, `sln`, `quesation`, `q_a`, `q_b`, `q_c`, `q_d`, `q_e`, `answer`) VALUES
('CYCAES3J', 1, 'q1', 'a1', 'b1', 'c1', 'd1', 'e1', 'e'),
('CYCAES3J', 2, 'qqqqq4', 'aaaaaa4', 'bbbbbb4', 'ccccccc4', 'dddddd4', 'eeeeeee4', 'b'),
('CYCAES3J', 4, 'q2', 'a2', 'b2', 'c2', 'd2', 'e2', 'd'),
('CYCAES3J', 5, 'qqqqqq5', 'aaaaaaaa5', 'bbbbbbbbb5', 'ccccccccccc5', 'ddddddd5', 'eeeeeeeee5', 'a'),
('CYCAES3J', 6, 'QQQQQQ12', 'aaaaa12', 'bbbbbbb12', 'ccccccc12', 'dddddddd12', 'eeeeeeee12', 'D'),
('CYCAES3J', 7, 'QQQQQQ8', 'aaaaa8', 'bbbbbbb8', 'ccccccc8', 'dddddddd8', 'eeeeeeee8', 'C'),
('CYCAES3J', 8, 'QQQQQQ3', 'aaaaa3', 'bbbbbbb3', 'ccccccc3', 'dddddddd3', 'eeeeeeee3', 'D'),
('CYCAES3J', 9, 'QQQQQQ2', 'aaaaa2', 'bbbbbbb2', 'ccccccc2', 'dddddddd2', 'eeeeeeee2', 'C'),
('CYCAES3J', 11, 'QQQQQQ17', 'aaaaa17', 'bbbbbbb17', 'ccccccc17', 'dddddddd17', 'eeeeeeee17', 'D'),
('CYCAES3J', 12, 'QQQQQQ14', 'aaaaa14', 'bbbbbbb14', 'ccccccc14', 'dddddddd14', 'eeeeeeee14', 'A'),
('CYCAES3J', 13, 'QQQQQQ7', 'aaaaa7', 'bbbbbbb7', 'ccccccc7', 'dddddddd7', 'eeeeeeee7', 'D'),
('CYCAES3J', 14, 'QQQQQQ4', 'aaaaa4', 'bbbbbbb4', 'ccccccc4', 'dddddddd4', 'eeeeeeee4', 'B'),
('CYCAES3J', 16, 'QQQQQQ13', 'aaaaa13', 'bbbbbbb13', 'ccccccc13', 'dddddddd13', 'eeeeeeee13', 'E'),
('CYCAES3J', 17, 'QQQQQQ15', 'aaaaa15', 'bbbbbbb15', 'ccccccc15', 'dddddddd15', 'eeeeeeee15', 'C'),
('CYCAES3J', 18, 'QQQQQQ16', 'aaaaa16', 'bbbbbbb16', 'ccccccc16', 'dddddddd16', 'eeeeeeee16', 'B'),
('CYCAES3J', 19, 'QQQQQQ9', 'aaaaa9', 'bbbbbbb9', 'ccccccc9', 'dddddddd9', 'eeeeeeee9', 'B'),
('CYCAES3J', 20, 'QQQQQQ5', 'aaaaa5', 'bbbbbbb5', 'ccccccc5', 'dddddddd5', 'eeeeeeee5', 'A'),
('CYCAES3J', 21, 'QQQQQQ11', 'aaaaa11', 'bbbbbbb11', 'ccccccc11', 'dddddddd11', 'eeeeeeee11', 'C'),
('CYCAES3J', 23, 'QQQQQQ12', 'aaaaa12', 'bbbbbbb12', 'ccccccc12', 'dddddddd12', 'eeeeeeee12', 'D'),
('CYCAES3J', 24, 'QQQQQQ8', 'aaaaa8', 'bbbbbbb8', 'ccccccc8', 'dddddddd8', 'eeeeeeee8', 'C'),
('CYCAES3J', 25, 'QQQQQQ3', 'aaaaa3', 'bbbbbbb3', 'ccccccc3', 'dddddddd3', 'eeeeeeee3', 'D'),
('CYCAES3J', 27, 'QQQQQQ1', 'aaaaa1', 'bbbbbbb1', 'ccccccc1', 'dddddddd1', 'eeeeeeee1', 'A'),
('CYCAES3J', 28, 'QQQQQQ17', 'aaaaa17', 'bbbbbbb17', 'ccccccc17', 'dddddddd17', 'eeeeeeee17', 'D'),
('CYCAES3J', 30, 'QQQQQQ7', 'aaaaa7', 'bbbbbbb7', 'ccccccc7', 'dddddddd7', 'eeeeeeee7', 'D'),
('CYCAES3J', 31, 'QQQQQQ4', 'aaaaa4', 'bbbbbbb4', 'ccccccc4', 'dddddddd4', 'eeeeeeee4', 'B'),
('CYCAES3J', 33, 'QQQQQQ13', 'aaaaa13', 'bbbbbbb13', 'ccccccc13', 'dddddddd13', 'eeeeeeee13', 'E'),
('CYCAES3J', 34, 'QQQQQQ15', 'aaaaa15', 'bbbbbbb15', 'ccccccc15', 'dddddddd15', 'eeeeeeee15', 'C'),
('CYCAES3J', 36, 'QQQQQQ9', 'aaaaa9', 'bbbbbbb9', 'ccccccc9', 'dddddddd9', 'eeeeeeee9', 'B'),
('CYCAES3J', 37, 'QQQQQQ5', 'aaaaa5', 'bbbbbbb5', 'ccccccc5', 'dddddddd5', 'eeeeeeee5', 'A'),
('CYCAES3J', 38, 'QQQQQQ11', 'aaaaa11', 'bbbbbbb11', 'ccccccc11', 'dddddddd11', 'eeeeeeee11', 'C'),
('CYCAES3J', 39, 'QQQQQQ6', 'aaaaa6', 'bbbbbbb6', 'ccccccc6', 'dddddddd6', 'eeeeeeee6', 'E'),
('CYCAES3J', 40, 'QQQQQQ12', 'aaaaa12', 'bbbbbbb12', 'ccccccc12', 'dddddddd12', 'eeeeeeee12', 'D'),
('CYCAES3J', 42, 'QQQQQQ3', 'aaaaa3', 'bbbbbbb3', 'ccccccc3', 'dddddddd3', 'eeeeeeee3', 'D'),
('CYCAES3J', 43, 'QQQQQQ2', 'aaaaa2', 'bbbbbbb2', 'ccccccc2', 'dddddddd2', 'eeeeeeee2', 'C'),
('CYCAES3J', 44, 'QQQQQQ1', 'aaaaa1', 'bbbbbbb1', 'ccccccc1', 'dddddddd1', 'eeeeeeee1', 'A'),
('CYCAES3J', 45, 'QQQQQQ17', 'aaaaa17', 'bbbbbbb17', 'ccccccc17', 'dddddddd17', 'eeeeeeee17', 'D'),
('CYCAES3J', 47, 'QQQQQQ7', 'aaaaa7', 'bbbbbbb7', 'ccccccc7', 'dddddddd7', 'eeeeeeee7', 'D'),
('CYCAES3J', 48, 'QQQQQQ4', 'aaaaa4', 'bbbbbbb4', 'ccccccc4', 'dddddddd4', 'eeeeeeee4', 'B'),
('CYCAES3J', 49, 'QQQQQQ10', 'aaaaa10', 'bbbbbbb10', 'ccccccc10', 'dddddddd10', 'eeeeeeee10', 'A'),
('CYCAES3J', 51, 'QQQQQQ15', 'aaaaa15', 'bbbbbbb15', 'ccccccc15', 'dddddddd15', 'eeeeeeee15', 'C'),
('CYCAES3J', 52, 'QQQQQQ16', 'aaaaa16', 'bbbbbbb16', 'ccccccc16', 'dddddddd16', 'eeeeeeee16', 'B'),
('CYCAES3J', 53, 'QQQQQQ9', 'aaaaa9', 'bbbbbbb9', 'ccccccc9', 'dddddddd9', 'eeeeeeee9', 'B'),
('CYCAES3J', 54, 'QQQQQQ5', 'aaaaa5', 'bbbbbbb5', 'ccccccc5', 'dddddddd5', 'eeeeeeee5', 'A'),
('CYCAES3J', 56, 'QQQQQQ6', 'aaaaa6', 'bbbbbbb6', 'ccccccc6', 'dddddddd6', 'eeeeeeee6', 'E'),
('CYCAES3J', 57, 'QQQQQQ12', 'aaaaa12', 'bbbbbbb12', 'ccccccc12', 'dddddddd12', 'eeeeeeee12', 'D'),
('CYCAES3J', 59, 'QQQQQQ3', 'aaaaa3', 'bbbbbbb3', 'ccccccc3', 'dddddddd3', 'eeeeeeee3', 'D'),
('CYCAES3J', 60, 'QQQQQQ2', 'aaaaa2', 'bbbbbbb2', 'ccccccc2', 'dddddddd2', 'eeeeeeee2', 'C'),
('CYCAES3J', 62, 'QQQQQQ17', 'aaaaa17', 'bbbbbbb17', 'ccccccc17', 'dddddddd17', 'eeeeeeee17', 'D'),
('CYCAES3J', 63, 'QQQQQQ14', 'aaaaa14', 'bbbbbbb14', 'ccccccc14', 'dddddddd14', 'eeeeeeee14', 'A'),
('CYCAES3J', 64, 'QQQQQQ7', 'aaaaa7', 'bbbbbbb7', 'ccccccc7', 'dddddddd7', 'eeeeeeee7', 'D'),
('CYCAES3J', 65, 'QQQQQQ4', 'aaaaa4', 'bbbbbbb4', 'ccccccc4', 'dddddddd4', 'eeeeeeee4', 'B'),
('CYCAES3J', 66, 'QQQQQQ10', 'aaaaa10', 'bbbbbbb10', 'ccccccc10', 'dddddddd10', 'eeeeeeee10', 'A'),
('CYCAES3J', 68, 'QQQQQQ15', 'aaaaa15', 'bbbbbbb15', 'ccccccc15', 'dddddddd15', 'eeeeeeee15', 'C'),
('CYCAES3J', 69, 'QQQQQQ16', 'aaaaa16', 'bbbbbbb16', 'ccccccc16', 'dddddddd16', 'eeeeeeee16', 'B'),
('CYCAES3J', 70, 'QQQQQQ9', 'aaaaa9', 'bbbbbbb9', 'ccccccc9', 'dddddddd9', 'eeeeeeee9', 'B'),
('CYCAES3J', 71, 'QQQQQQ5', 'aaaaa5', 'bbbbbbb5', 'ccccccc5', 'dddddddd5', 'eeeeeeee5', 'A'),
('CYCAES3J', 72, 'QQQQQQ11', 'aaaaa11', 'bbbbbbb11', 'ccccccc11', 'dddddddd11', 'eeeeeeee11', 'C'),
('CYCAES3J', 73, 'QQQQQQ6', 'aaaaa6', 'bbbbbbb6', 'ccccccc6', 'dddddddd6', 'eeeeeeee6', 'E'),
('CYCAES3J', 74, 'QQQQQQ12', 'aaaaa12', 'bbbbbbb12', 'ccccccc12', 'dddddddd12', 'eeeeeeee12', 'D'),
('CYCAES3J', 75, 'QQQQQQ8', 'aaaaa8', 'bbbbbbb8', 'ccccccc8', 'dddddddd8', 'eeeeeeee8', 'C'),
('CYCAES3J', 76, 'QQQQQQ3', 'aaaaa3', 'bbbbbbb3', 'ccccccc3', 'dddddddd3', 'eeeeeeee3', 'D'),
('CYCAES3J', 77, 'QQQQQQ2', 'aaaaa2', 'bbbbbbb2', 'ccccccc2', 'dddddddd2', 'eeeeeeee2', 'C'),
('CYCAES3J', 78, 'QQQQQQ1', 'aaaaa1', 'bbbbbbb1', 'ccccccc1', 'dddddddd1', 'eeeeeeee1', 'A'),
('CYCAES3J', 79, 'QQQQQQ17', 'aaaaa17', 'bbbbbbb17', 'ccccccc17', 'dddddddd17', 'eeeeeeee17', 'D'),
('CYCAES3J', 80, 'QQQQQQ14', 'aaaaa14', 'bbbbbbb14', 'ccccccc14', 'dddddddd14', 'eeeeeeee14', 'A'),
('CYCAES3J', 81, 'QQQQQQ7', 'aaaaa7', 'bbbbbbb7', 'ccccccc7', 'dddddddd7', 'eeeeeeee7', 'D'),
('CYCAES3J', 82, 'QQQQQQ4', 'aaaaa4', 'bbbbbbb4', 'ccccccc4', 'dddddddd4', 'eeeeeeee4', 'B'),
('CYCAES3J', 83, 'QQQQQQ10', 'aaaaa10', 'bbbbbbb10', 'ccccccc10', 'dddddddd10', 'eeeeeeee10', 'A'),
('CYCAES3J', 84, 'QQQQQQ13', 'aaaaa13', 'bbbbbbb13', 'ccccccc13', 'dddddddd13', 'eeeeeeee13', 'E'),
('CYCAES3J', 85, 'QQQQQQ15', 'aaaaa15', 'bbbbbbb15', 'ccccccc15', 'dddddddd15', 'eeeeeeee15', 'C'),
('CYCAES3J', 86, 'QQQQQQ16', 'aaaaa16', 'bbbbbbb16', 'ccccccc16', 'dddddddd16', 'eeeeeeee16', 'B'),
('CYCAES3J', 87, 'QQQQQQ9', 'aaaaa9', 'bbbbbbb9', 'ccccccc9', 'dddddddd9', 'eeeeeeee9', 'B'),
('CYCAES3J', 88, 'QQQQQQ5', 'aaaaa5', 'bbbbbbb5', 'ccccccc5', 'dddddddd5', 'eeeeeeee5', 'A'),
('CYCAES3J', 89, 'QQQQQQ11', 'aaaaa11', 'bbbbbbb11', 'ccccccc11', 'dddddddd11', 'eeeeeeee11', 'C'),
('CYCAES3J', 90, 'QQQQQQ6', 'aaaaa6', 'bbbbbbb6', 'ccccccc6', 'dddddddd6', 'eeeeeeee6', 'E'),
('CYCAES3J', 91, 'QQQQQQ12', 'aaaaa12', 'bbbbbbb12', 'ccccccc12', 'dddddddd12', 'eeeeeeee12', 'D'),
('CYCAES3J', 92, 'QQQQQQ8', 'aaaaa8', 'bbbbbbb8', 'ccccccc8', 'dddddddd8', 'eeeeeeee8', 'C'),
('CYCAES3J', 93, 'QQQQQQ3', 'aaaaa3', 'bbbbbbb3', 'ccccccc3', 'dddddddd3', 'eeeeeeee3', 'D'),
('CYCAES3J', 94, 'QQQQQQ2', 'aaaaa2', 'bbbbbbb2', 'ccccccc2', 'dddddddd2', 'eeeeeeee2', 'C'),
('CYCAES3J', 95, 'QQQQQQ1', 'aaaaa1', 'bbbbbbb1', 'ccccccc1', 'dddddddd1', 'eeeeeeee1', 'A'),
('CYCAES3J', 96, 'QQQQQQ17', 'aaaaa17', 'bbbbbbb17', 'ccccccc17', 'dddddddd17', 'eeeeeeee17', 'D'),
('CYCAES3J', 97, 'QQQQQQ14', 'aaaaa14', 'bbbbbbb14', 'ccccccc14', 'dddddddd14', 'eeeeeeee14', 'A'),
('CYCAES3J', 98, 'QQQQQQ7', 'aaaaa7', 'bbbbbbb7', 'ccccccc7', 'dddddddd7', 'eeeeeeee7', 'D'),
('CYCAES3J', 99, 'QQQQQQ4', 'aaaaa4', 'bbbbbbb4', 'ccccccc4', 'dddddddd4', 'eeeeeeee4', 'B'),
('CYCAES3J', 100, 'QQQQQQ10', 'aaaaa10', 'bbbbbbb10', 'ccccccc10', 'dddddddd10', 'eeeeeeee10', 'A'),
('CYCAES3J', 101, 'QQQQQQ13', 'aaaaa13', 'bbbbbbb13', 'ccccccc13', 'dddddddd13', 'eeeeeeee13', 'E'),
('CYCAES3J', 102, 'QQQQQQ15', 'aaaaa15', 'bbbbbbb15', 'ccccccc15', 'dddddddd15', 'eeeeeeee15', 'C'),
('CYCAES3J', 103, 'QQQQQQ16', 'aaaaa16', 'bbbbbbb16', 'ccccccc16', 'dddddddd16', 'eeeeeeee16', 'B'),
('CYCAES3J', 104, 'QQQQQQ9', 'aaaaa9', 'bbbbbbb9', 'ccccccc9', 'dddddddd9', 'eeeeeeee9', 'B'),
('CYCAES3J', 105, 'QQQQQQ5', 'aaaaa5', 'bbbbbbb5', 'ccccccc5', 'dddddddd5', 'eeeeeeee5', 'A'),
('CYCAES3J', 106, 'QQQQQQ11', 'aaaaa11', 'bbbbbbb11', 'ccccccc11', 'dddddddd11', 'eeeeeeee11', 'C'),
('CYCAES3J', 107, 'QQQQQQ6', 'aaaaa6', 'bbbbbbb6', 'ccccccc6', 'dddddddd6', 'eeeeeeee6', 'E'),
('1LOEVCGQ', 1, 'QQQQQQ2', 'aaaaa2', 'bbbbbbb2', 'ccccccc2', 'dddddddd2', 'eeeeeeee2', 'C'),
('1LOEVCGQ', 2, 'QQQQQQ7', 'aaaaa7', 'bbbbbbb7', 'ccccccc7', 'dddddddd7', 'eeeeeeee7', 'D'),
('1LOEVCGQ', 3, 'QQQQQQ13', 'aaaaa13', 'bbbbbbb13', 'ccccccc13', 'dddddddd13', 'eeeeeeee13', 'E'),
('1LOEVCGQ', 4, 'zzzzzzz', 'sssssssssssss', 'fffffffffffffffffffffffff', 'ffggggggggggggggggg', 'uuuuuuuuuuuuuuuuuuuuuu', 'ppppppppppppppppppppp', 'b'),
('H22UXRJT', 1, 'QQQQQQ12', 'aaaaa12', 'bbbbbbb12', 'ccccccc12', 'dddddddd12', 'eeeeeeee12', 'D'),
('H22UXRJT', 2, 'QQQQQQ8', 'aaaaa8', 'bbbbbbb8', 'ccccccc8', 'dddddddd8', 'eeeeeeee8', 'C'),
('H22UXRJT', 3, 'QQQQQQ3', 'aaaaa3', 'bbbbbbb3', 'ccccccc3', 'dddddddd3', 'eeeeeeee3', 'D'),
('H22UXRJT', 4, 'QQQQQQ2', 'aaaaa2', 'bbbbbbb2', 'ccccccc2', 'dddddddd2', 'eeeeeeee2', 'C'),
('H22UXRJT', 5, 'QQQQQQ1', 'aaaaa1', 'bbbbbbb1', 'ccccccc1', 'dddddddd1', 'eeeeeeee1', 'A'),
('H22UXRJT', 6, 'QQQQQQ17', 'aaaaa17', 'bbbbbbb17', 'ccccccc17', 'dddddddd17', 'eeeeeeee17', 'D'),
('H22UXRJT', 7, 'QQQQQQ14', 'aaaaa14', 'bbbbbbb14', 'ccccccc14', 'dddddddd14', 'eeeeeeee14', 'A'),
('H22UXRJT', 8, 'QQQQQQ7', 'aaaaa7', 'bbbbbbb7', 'ccccccc7', 'dddddddd7', 'eeeeeeee7', 'D'),
('H22UXRJT', 9, 'QQQQQQ4', 'aaaaa4', 'bbbbbbb4', 'ccccccc4', 'dddddddd4', 'eeeeeeee4', 'B'),
('H22UXRJT', 10, 'QQQQQQ10', 'aaaaa10', 'bbbbbbb10', 'ccccccc10', 'dddddddd10', 'eeeeeeee10', 'A'),
('H22UXRJT', 11, 'QQQQQQ13', 'aaaaa13', 'bbbbbbb13', 'ccccccc13', 'dddddddd13', 'eeeeeeee13', 'E'),
('H22UXRJT', 12, 'QQQQQQ15', 'aaaaa15', 'bbbbbbb15', 'ccccccc15', 'dddddddd15', 'eeeeeeee15', 'C'),
('H22UXRJT', 13, 'QQQQQQ16', 'aaaaa16', 'bbbbbbb16', 'ccccccc16', 'dddddddd16', 'eeeeeeee16', 'B'),
('H22UXRJT', 14, 'QQQQQQ9', 'aaaaa9', 'bbbbbbb9', 'ccccccc9', 'dddddddd9', 'eeeeeeee9', 'B'),
('H22UXRJT', 15, 'QQQQQQ5', 'aaaaa5', 'bbbbbbb5', 'ccccccc5', 'dddddddd5', 'eeeeeeee5', 'A'),
('H22UXRJT', 16, 'QQQQQQ11', 'aaaaa11', 'bbbbbbb11', 'ccccccc11', 'dddddddd11', 'eeeeeeee11', 'C'),
('H22UXRJT', 17, 'QQQQQQ6', 'aaaaa6', 'bbbbbbb6', 'ccccccc6', 'dddddddd6', 'eeeeeeee6', 'E'),
('OA5SCYAN', 1, ' What is the correct value to return to the operating system upon the successful completion  of a program?', '-1 ', '1', '0', 'Programs do not return a value.', '', 'b'),
('OA5SCYAN', 2, 'Which of the following is a correct comment?', '*/ Comments */', '** Comment **', ' /* Comment */', '{ Comment }', '', 'c'),
('OA5SCYAN', 3, 'What punctuation ends most lines of C code?', ':', ';', '|', ',', '^', 'b'),
('OA5SCYAN', 4, 'What is the only function all C programs must contain?', ' start()', 'system() ', 'main() ', 'program()', '', 'c'),
('OA5SCYAN', 5, 'What punctuation is used to signal the beginning and end of code blocks?', '{ } ', '-> and <- ', 'BEGIN and END', '( and ) ', '', 'a'),
('OA5SCYAN', 6, 'Which of the following is not a correct variable type?', ' float', 'real', 'int', 'double', '', 'b'),
('OA5SCYAN', 7, 'Which of the following gives the memory address of integer variable a?', ' *a', ' a', '&a', 'address(a);', '', 'c'),
('OA5SCYAN', 8, ' Which of the following is the proper declaration of a pointer?', ' int x;', 'int &x;', 'ptr x;', ' int *x;', '', 'd'),
('OA5SCYAN', 9, 'Which of the following is the correct operator to compare two variables?', ':=', '=', 'equal', ' ==', '', 'd'),
('OA5SCYAN', 10, 'Which of the following gives the memory address of a variable pointed to by pointer a?', ' *a', 'a', '&a', 'address(a);', '', 'a'),
('OA5SCYAN', 11, ' Which of the following gives the value stored at the address pointed to by pointer a?', 'a;', 'val(a);', '*a', '&a;', '', 'c'),
('OA5SCYAN', 12, ' Which of the following correctly declares an array?', 'int anarray[10];', 'int anarray; ', 'anarray{10};', 'array anarray[10];', '', 'a'),
('OA5SCYAN', 13, 'Which of the following is the proper keyword or function to deallocate memory?', 'free ', 'delete', 'clear', 'remove', '', ''),
('OA5SCYAN', 14, 'Which of the following is the proper keyword or function to allocate memory in C?', ' new', 'malloc', 'create ', 'value', '', 'b'),
('OA5SCYAN', 15, 'What is the index number of the last element of an array with 29 elements?', '29', '0', '28', 'Programmer-defined', '', 'c'),
('OA5SCYAN', 16, ' Which of the following is a two-dimensional array?', 'array anarray[20][20];', 'int anarray[20][20];', 'int array[20, 20];', 'char array[20];', '', 'b'),
('OA5SCYAN', 17, ' Which of the following is a two-dimensional array?', 'array anarray[20][20];', 'int anarray[20][20];', 'int array[20, 20];', 'char array[20];', '', 'b'),
('OA5SCYAN', 18, 'Which of the following is a string literal?', 'Static String', '"Static String"', '''Static Strin''', 'char string[100];', '', 'd'),
('OA5SCYAN', 19, 'Which of the following functions compares two strings?', 'compare();', 'stringcompare();', 'cmp();', 'strcmp();', '', 'd'),
('OA5SCYAN', 20, 'Which of the following is a string literal?', 'Static String', '"Static String"', '''Static Strin''', 'char string[100];', '', 'd'),
('OA5SCYAN', 21, 'Which of the following functions compares two strings?', 'compare();', 'stringcompare();', 'cmp();', 'strcmp();', '', 'd'),
('OA5SCYAN', 22, '', '', '', '', '', '', 'd'),
('OA5SCYAN', 23, 'Which of the following functions compares two strings?', 'compare();', 'stringcompare();', 'cmp();', 'strcmp();', '', 'd'),
('OA5SCYAN', 24, '', '', '', '', '', '', 'd'),
('OA5SCYAN', 25, 'Which of the following functions compares two strings?', 'compare();', 'stringcompare();', 'cmp();', 'strcmp();', '', 'd'),
('I5IH5B1N', 1, 'capital of india', 'Dhaka', 'Islamabad', 'Colombo', 'New Dehli', '', 'd'),
('I5IH5B1N', 2, 'Capital of Srilanka', 'Dhaka', 'Colombo', 'Islamabad', 'New Dehli', '', 'b'),
('I5IH5B1N', 3, 'Capital of Bangaldesh', 'Dhaka', 'Islamabad', 'Colombo', 'New Dehli', '', 'a'),
('I5IH5B1N', 4, 'Capital of Pakistan', 'Dhaka', 'Islamabad', 'Colombo', 'New Dehli', '', 'b'),
('I5IH5B1N', 5, 'Capital of Afghanistan', 'Dhaka', 'Colombo', 'Khabool', 'Islamabad', 'New Dehli', 'c'),
('I5IH5B1N', 6, 'capital of USA', 'Washington', 'Newyork', 'California', 'LosAngelis', '', 'a'),
('I5IH5B1N', 7, 'Capital of  Netherlan', 'London', 'Amesterdam', 'Berline', 'Hegue', 'Dublin', 'b'),
('I5IH5B1N', 8, 'capital of United Kingdom', 'New Wahington', 'London', 'Bhirmingom', 'Berlin', 'Berne', 'b'),
('I5IH5B1N', 9, 'capital of canada', 'toronto', 'ottawa', 'Quebeck', 'Montreal', 'New Wahington', 'b'),
('I5IH5B1N', 10, 'Capital of  Ireland', 'London', 'Amesterdam', 'Belrine', 'Hegue', 'Dublin', 'e'),
('I5IH5B1N', 11, 'Capital of Japan', 'Seoul', 'Shagai', 'Bejeing', 'Tokyo', 'Pingyang', 'd'),
('I5IH5B1N', 12, 'Capital of NorthKorea', 'Bejeing', 'Tokyo', 'Pingyang', 'Shagai', 'Seoul', 'c'),
('I5IH5B1N', 13, 'Capital of South Korea', 'Shagai', 'Seoul', 'Bejeing', 'Pingyang', 'Tokyo', 'b'),
('I5IH5B1N', 14, 'Capital of china', 'Seoul', 'Shagai', 'Bejeing', 'Tokyo', 'Pingyang', 'c'),
('I5IH5B1N', 15, 'Capital of Taiwan', 'Pingyang', 'Tokyo', 'bankok', 'Taipi', 'Seoul', 'd'),
('OLG4CM70', 1, 'QQQQQQ12', 'aaaaa12', 'bbbbbbb12', 'ccccccc12', 'dddddddd12', 'eeeeeeee12', 'D'),
('OLG4CM70', 2, 'QQQQQQ8', 'aaaaa8', 'bbbbbbb8', 'ccccccc8', 'dddddddd8', 'eeeeeeee8', 'C'),
('OLG4CM70', 3, 'QQQQQQ3', 'aaaaa3', 'bbbbbbb3', 'ccccccc3', 'dddddddd3', 'eeeeeeee3', 'D'),
('OLG4CM70', 4, 'QQQQQQ2', 'aaaaa2', 'bbbbbbb2', 'ccccccc2', 'dddddddd2', 'eeeeeeee2', 'C'),
('OLG4CM70', 5, 'QQQQQQ1', 'aaaaa1', 'bbbbbbb1', 'ccccccc1', 'dddddddd1', 'eeeeeeee1', 'A'),
('OLG4CM70', 6, 'QQQQQQ17', 'aaaaa17', 'bbbbbbb17', 'ccccccc17', 'dddddddd17', 'eeeeeeee17', 'D'),
('OLG4CM70', 7, 'QQQQQQ14', 'aaaaa14', 'bbbbbbb14', 'ccccccc14', 'dddddddd14', 'eeeeeeee14', 'A'),
('OLG4CM70', 8, 'QQQQQQ7', 'aaaaa7', 'bbbbbbb7', 'ccccccc7', 'dddddddd7', 'eeeeeeee7', 'D'),
('OLG4CM70', 9, 'QQQQQQ4', 'aaaaa4', 'bbbbbbb4', 'ccccccc4', 'dddddddd4', 'eeeeeeee4', 'B'),
('OLG4CM70', 10, 'QQQQQQ10', 'aaaaa10', 'bbbbbbb10', 'ccccccc10', 'dddddddd10', 'eeeeeeee10', 'A'),
('OLG4CM70', 11, 'QQQQQQ13', 'aaaaa13', 'bbbbbbb13', 'ccccccc13', 'dddddddd13', 'eeeeeeee13', 'E'),
('OLG4CM70', 12, 'QQQQQQ15', 'aaaaa15', 'bbbbbbb15', 'ccccccc15', 'dddddddd15', 'eeeeeeee15', 'C'),
('OLG4CM70', 13, 'QQQQQQ16', 'aaaaa16', 'bbbbbbb16', 'ccccccc16', 'dddddddd16', 'eeeeeeee16', 'B'),
('OLG4CM70', 14, 'QQQQQQ9', 'aaaaa9', 'bbbbbbb9', 'ccccccc9', 'dddddddd9', 'eeeeeeee9', 'B'),
('OLG4CM70', 15, 'QQQQQQ5', 'aaaaa5', 'bbbbbbb5', 'ccccccc5', 'dddddddd5', 'eeeeeeee5', 'A'),
('OLG4CM70', 16, 'QQQQQQ11', 'aaaaa11', 'bbbbbbb11', 'ccccccc11', 'dddddddd11', 'eeeeeeee11', 'C'),
('OLG4CM70', 17, 'QQQQQQ6', 'aaaaa6', 'bbbbbbb6', 'ccccccc6', 'dddddddd6', 'eeeeeeee6', 'E'),
('SK3JZ9G6', 1, 'Bangalore Original Name', 'Banlore', 'Bangalurur', 'Bangs', 'Bungus', 'Tingus', 'b'),
('SK3JZ9G6', 2, 'Distance Between Hosur Bangalore', '20', '30', '40', '50', '70', 'a'),
('SK3JZ9G6', 3, 'Jayanagar Location', 'East', 'West', 'South ', 'North', 'NOA', 'c'),
('SK3JZ9G6', 4, 'Rajajinagar located in ', 'East', 'North', 'West', 'South', 'NOA', 'b'),
('SK3JZ9G6', 5, 'Bangalore attached to ', 'Shimoga', 'Chitradurga', 'Bijapur', 'Tumkur', 'Gulbarga', 'd'),
('SK3JZ9G6', 6, 'Banglore Industries', 'IT', 'Manufaturing', 'Teaching', 'Farming', 'NOA', 'a'),
('SK3JZ9G6', 7, 'EMC in', 'BhagMane', 'MahadevPura', 'Manyata', 'EGL', 'Electronic City', 'b'),
('SK3JZ9G6', 8, 'INFOSYS in ', 'BhagMane', 'Manyata', 'EGL', 'Electronic City', '', 'd'),
('SK3JZ9G6', 9, 'IIM Bangalore', 'IIMA', 'IIMC', 'IIMB', 'IIMD', 'NOA', 'c'),
('SK3JZ9G6', 10, 'Dell IN ', 'MahadevPura', 'Manyata', 'Electronic City', 'EGL', 'BhagMane', 'e'),
('SK3JZ9G6', 11, 'MES College in ', 'Rajaji Nagar', 'Vidyaranyapura', 'Mlleshwaram', 'Electonic City', 'Yeshwanth pura', 'c'),
('SK3JZ9G6', 12, 'Opposit to Vidanasouda', 'Medical college', 'Engineering college', 'High Court', 'Supreme Court', 'Kinder Garten', 'c'),
('SK3JZ9G6', 13, 'HoneyWell It in ', 'Kormanagala', 'Gandhi Nagar', 'Mlleshwaram', 'Baneeragatta Road', 'Electonic City', 'd'),
('SK3JZ9G6', 14, 'Mejestic Area called', 'Gandhi Nagar', 'Rajaji Nagar', 'Electonic City', 'Mlleshwaram', 'Yeshwanth pura', 'a'),
('SK3JZ9G6', 15, 'Founder of Bangalore', 'KempeGouda', 'Karigouda', 'Tippu', 'Narayana Murthy', 'Noa ', 'a');

-- --------------------------------------------------------

--
-- Table structure for table `t_test_set_info`
--

CREATE TABLE IF NOT EXISTS `t_test_set_info` (
  `test_set_id` varchar(10) NOT NULL DEFAULT '',
  `uid` int(11) DEFAULT NULL,
  `description` varchar(500) DEFAULT NULL,
  `extra_info` varchar(500) DEFAULT NULL,
  `test_case_count` int(11) DEFAULT NULL,
  `timeset` int(11) DEFAULT NULL,
  `creation_time` timestamp NOT NULL DEFAULT CURRENT_TIMESTAMP ON UPDATE CURRENT_TIMESTAMP,
  PRIMARY KEY (`test_set_id`)
) ENGINE=InnoDB DEFAULT CHARSET=latin1;

--
-- Dumping data for table `t_test_set_info`
--

INSERT INTO `t_test_set_info` (`test_set_id`, `uid`, `description`, `extra_info`, `test_case_count`, `timeset`, `creation_time`) VALUES
('0NX4Z5WV', 3, 'The basics of C', 'Basic Programming needed to take test.', 40, 40, '2012-12-17 15:45:06'),
('1LOEVCGQ', 3, 'Indian History Obective tests', 'After Mogul Empire', 20, 20, '2012-12-11 13:18:38'),
('CYCAES3J', 3, 'Indian History on Vijayanagar Empire', 'Empire of KrishnaDeva Raya', 10, 10, '2012-12-11 13:20:26'),
('H22UXRJT', 3, 'C Programming', 'Test on Pointers', 30, 30, '2012-12-16 22:12:00'),
('I5IH5B1N', 2, 'Capitals of Country', 'GeoPolitics', 15, 15, '2012-12-17 19:10:27'),
('OA5SCYAN', 3, 'C Programmin', 'Chaperter-1 to chapter -4', 40, 30, '2012-12-17 19:08:44'),
('OLG4CM70', 2, 'DUmmy', 'DUmmy', 40, 40, '2013-01-09 01:49:57'),
('SK3JZ9G6', 4, 'history on Bangalore', 'History of Bangalore 500 Yerars', 15, 30, '2016-03-24 13:23:42');

-- --------------------------------------------------------

--
-- Table structure for table `user_info`
--

CREATE TABLE IF NOT EXISTS `user_info` (
  `uid` int(11) NOT NULL AUTO_INCREMENT,
  `user_name` varchar(30) DEFAULT NULL,
  `user_passwd` varchar(30) DEFAULT NULL,
  `user_email` varchar(40) DEFAULT NULL,
  `mobile` varchar(15) DEFAULT NULL,
  `Address` varchar(120) DEFAULT NULL,
  `DeliveryAddress` varchar(120) DEFAULT NULL,
  `FirstName` varchar(50) DEFAULT NULL,
  `LastName` varchar(50) DEFAULT NULL,
  PRIMARY KEY (`uid`)
) ENGINE=InnoDB  DEFAULT CHARSET=latin1 AUTO_INCREMENT=15 ;

--
-- Dumping data for table `user_info`
--

INSERT INTO `user_info` (`uid`, `user_name`, `user_passwd`, `user_email`, `mobile`, `Address`, `DeliveryAddress`, `FirstName`, `LastName`) VALUES
(1, 'shiva', 'shiva', 'nnsprasad@gmail.com', '+919900104439', '#28 11th Cross Sir MV Layout Tindlu, Vidyaranyapura Bangalore', '#28 11th Cross Sir MV Layout Tindlu, Vidyaranyapura Bangalore', 'Shivaprasad', 'Nanjundachari'),
(2, 'vidya', 'vidya', 'srividya2281@gmail.com', '+919945012772', '#28 11th Cross Sir MV Layout Tindlu, Vidyaranyapura Bangalore', '#28 11th Cross Sir MV Layout Tindlu, Vidyaranyapura Bangalore', 'Srividyamma', 'Ananthachar'),
(3, 'mayur', 'mayuri', 'shiva_mayur@gmail.com', '918028381169', '#28 11th Cross Sir MV Layout Tindlu, Vidyaranyapura Bangalore', '#74, 4th block, Doddabommasandra, Vidyaranyapura Bangalore-97', 'MAYUR', 'Shivaprasad'),
(4, 'amma', 'amma', 'nnsprasad@gmail.com', '+919731577662', '#10, 7th cross 1st main Srikanteshwara Nagar, Nandini Layout Bangalore', '#10, 7th cross 1st main Srikanteshwara Nagar, Nandini Layout Bangalore    LLLLOLLO', 'Susheelamman', 'Munishwarachar'),
(5, 'nagesh', 'nagesh', 'nagesh_garden@yahoo.com', '+918028381169', '#10, 7th cross 1st main Srikanteshwara Nagar, Nandini Layout Bangalore-96', '#10, 7th cross 1st main Srikanteshwara Nagar, Nandini Layout Bangalore', 'Nagesh', 'Nanjundachari'),
(6, 'gullu', 'gullu', 'gully@gmail.com', '99099099090', '#10, 1st main Srikanteshwara Nagar, 11th cross, Nandini layout . Bangalore-96', '#10, 1st main Srikanteshwara Nagar, 11th cross, Nandini layout . Bangalore-96', 'Pavanshvandra', 'Nagesh'),
(7, 'chaitra', 'chaitra', 'chaitra_nagesh@gmail.com', ' 9009900990', '#10, 1st main Srikanteshwara Nagar, 11th cross, Nandini layout . Bangalore-96', '#10, 1st main Srikanteshwara Nagar, 11th cross, Nandini layout . Bangalore-96', 'Chaitra', 'Nagesh'),
(8, 'prasad', 'prasad', 'prasad@gmail.com', '9900104439', '#28 11th Cross Sir MV Layout Tindlu, Vidyaranyapura BANG', '#28 11th Cross Sir MV Layout Tindlu, Vidyaranyapura BANG', 'prasad', 'Nanjundachari'),
(9, 'ananth', 'ananth', 'ananth@gmail.com', '8971868132', '#74 4th block DB sandra Vidyaranyapura. Bangalore', '#74 4th block DB sandra Vidyaranyapura. Bangalore', 'ananthachar', 'Subrayachar'),
(11, 'lugia', 'lugia', 'goutham0507@gmail.com', ' ', 'Shobha Daffodil 3104 hsr layout', 'Shobha Daffodil 3104 hsr layout', ' Goutham', 'Jagadeesh'),
(12, '', '', '', '', '', '', '', ''),
(13, 'dummy1', 'dummy1', 'dummy1nnsprasad@gmail.com', '9900104439', 'Dummy1 Tindlu Vidyaranyapura', 'Dummy1 Tindlu Sir Mv Layout  Vidyaranyapura', 'Dummy1_Shivaprasad', 'Dummy1_Nanjundachari'),
(14, 'Dummy2', 'Dummy2', 'nns@gmail.com', '9900104436', 'Tindlu Vpura Bangalore', 'Sir Mv Layout Tindlu Vpura Bangalore', 'DUMMY2Shivaprasad', 'Dummy2 Nanjundachari');

-- --------------------------------------------------------

--
-- Table structure for table `usr_roles`
--

CREATE TABLE IF NOT EXISTS `usr_roles` (
  `uid` int(11) DEFAULT NULL,
  `role` int(11) DEFAULT NULL,
  KEY `uid` (`uid`)
) ENGINE=InnoDB DEFAULT CHARSET=latin1;

--
-- Dumping data for table `usr_roles`
--

INSERT INTO `usr_roles` (`uid`, `role`) VALUES
(1, 1),
(2, 1),
(3, 0),
(4, 0),
(5, 0),
(6, 0),
(7, 0),
(8, 0),
(13, 0),
(14, 0);

--
-- Constraints for dumped tables
--

--
-- Constraints for table `attempt_table`
--
ALTER TABLE `attempt_table`
  ADD CONSTRAINT `attempt_table_ibfk_1` FOREIGN KEY (`sid`) REFERENCES `register_test_attempt` (`sid`);

--
-- Constraints for table `t_test_case_info`
--
ALTER TABLE `t_test_case_info`
  ADD CONSTRAINT `t_test_case_info_ibfk_1` FOREIGN KEY (`test_set_id`) REFERENCES `t_test_set_info` (`test_set_id`);

--
-- Constraints for table `usr_roles`
--
ALTER TABLE `usr_roles`
  ADD CONSTRAINT `usr_roles_ibfk_1` FOREIGN KEY (`uid`) REFERENCES `user_info` (`uid`);

/*!40101 SET CHARACTER_SET_CLIENT=@OLD_CHARACTER_SET_CLIENT */;
/*!40101 SET CHARACTER_SET_RESULTS=@OLD_CHARACTER_SET_RESULTS */;
/*!40101 SET COLLATION_CONNECTION=@OLD_COLLATION_CONNECTION */;
